prefill_chunk,kv_prefill,n_decode,kv_decode,time_us
0,0,1,256,13.312000000000001
0,0,1,256,13.216000000000001
0,0,1,256,13.216000000000001
0,0,1,256,13.217000000000002
0,0,1,256,13.184000000000001
0,0,1,256,13.216000000000001
0,0,1,256,13.152000000000001
0,0,1,256,13.216000000000001
0,0,1,256,13.216000000000001
0,0,1,256,13.216
0,0,1,256,13.151
0,0,1,256,13.183
0,0,1,256,13.184000000000001
0,0,1,256,13.183
0,0,1,256,13.215
0,0,1,256,13.184000000000001
0,0,1,256,13.152000000000001
0,0,1,256,13.216
0,0,1,256,13.184
0,0,1,256,13.216000000000001
0,0,1,256,13.186
0,0,1,256,13.184000000000001
0,0,1,256,13.183999999999997
0,0,1,256,13.183
0,0,1,256,13.152000000000001
0,0,1,256,13.154
0,0,1,256,13.120000000000001
0,0,1,256,13.183
0,0,1,256,13.215
0,0,1,256,13.152
0,0,1,256,13.216000000000001
0,0,1,256,13.184000000000001
0,0,1,256,13.184000000000001
0,0,1,256,13.152000000000001
0,0,1,256,13.152999999999999
0,0,1,256,13.184000000000001
0,0,1,256,13.472000000000001
0,0,1,256,13.216000000000001
0,0,1,256,13.25
0,0,1,256,13.248000000000001
0,0,1,256,13.251000000000001
0,0,1,256,13.248000000000001
0,0,1,256,13.282
0,0,1,256,13.25
0,0,1,256,13.312000000000001
0,0,1,256,13.248000000000001
0,0,1,256,13.248000000000001
0,0,1,256,13.28
0,0,1,256,13.184000000000001
0,0,1,256,13.216000000000001
0,0,1,256,13.280000000000001
0,0,1,256,13.312
0,0,1,256,13.250000000000002
0,0,1,256,13.344000000000001
0,0,1,256,13.249
0,0,1,256,13.280000000000001
0,0,1,256,13.280999999999999
0,0,1,256,13.280000000000001
0,0,1,256,13.248000000000001
0,0,1,256,13.213999999999999
0,0,1,256,13.215
0,0,1,256,13.216000000000001
0,0,1,256,13.312
0,0,1,256,13.279
0,0,1,256,13.280000000000001
0,0,1,256,13.314000000000002
0,0,1,256,13.248999999999999
0,0,1,256,13.281000000000002
0,0,1,256,13.248000000000001
0,0,1,256,13.247
0,0,1,256,13.216999999999999
0,0,1,256,13.280999999999999
0,0,1,256,13.346
0,0,1,256,13.154
0,0,1,256,13.184
0,0,1,256,13.181999999999999
0,0,1,256,13.184999999999999
0,0,1,256,13.247
0,0,1,256,13.152999999999999
0,0,1,256,13.248000000000001
0,0,1,256,13.216000000000001
0,0,1,256,13.152000000000001
0,0,1,256,13.120000000000001
0,0,1,256,13.185
0,0,1,256,13.085999999999999
0,0,1,256,13.184999999999999
0,0,1,256,13.184000000000001
0,0,1,256,13.152
0,0,1,256,13.184000000000001
0,0,1,256,13.184000000000001
0,0,1,256,13.184000000000001
0,0,1,256,13.216000000000001
0,0,1,256,13.216000000000001
0,0,1,256,13.152000000000001
0,0,1,256,13.120999999999999
0,0,1,256,13.186
0,0,1,256,13.185
0,0,1,256,13.184000000000001
0,0,1,256,13.184000000000001
0,0,1,256,13.120000000000001
0,0,1,256,13.149999999999999
0,0,1,256,13.184999999999999
0,0,1,256,13.184000000000001
0,0,1,256,13.216999999999999
0,0,1,256,13.152000000000001
0,0,1,256,13.153
0,0,1,256,13.183
0,0,1,256,13.122
0,0,1,1024,16.383
0,0,1,1024,16.224999999999998
0,0,1,1024,16.224
0,0,1,1024,16.226
0,0,1,1024,16.128
0,0,1,1024,16.127
0,0,1,1024,16.192
0,0,1,1024,16.160999999999998
0,0,1,1024,16.224
0,0,1,1024,16.192999999999998
0,0,1,1024,16.097
0,0,1,1024,16.191
0,0,1,1024,16.097
0,0,1,1024,16.159
0,0,1,1024,16.095
0,0,1,1024,16.192
0,0,1,1024,16.194
0,0,1,1024,16.322
0,0,1,1024,16.160999999999998
0,0,1,1024,16.192
0,0,1,1024,16.16
0,0,1,1024,16.225
0,0,1,1024,16.224
0,0,1,1024,16.224999999999998
0,0,1,1024,16.16
0,0,1,1024,16.192
0,0,1,1024,16.194
0,0,1,1024,16.224
0,0,1,1024,16.128
0,0,1,1024,16.064
0,0,1,1024,16.127
0,0,1,1024,16.066
0,0,1,1024,16.16
0,0,1,1024,16.128
0,0,1,1024,16.16
0,0,1,1024,16.16
0,0,1,1024,16.480999999999998
0,0,1,1024,16.288
0,0,1,1024,16.257
0,0,1,1024,16.256
0,0,1,1024,16.256
0,0,1,1024,16.255
0,0,1,1024,16.224999999999998
0,0,1,1024,16.256
0,0,1,1024,16.352999999999998
0,0,1,1024,16.322
0,0,1,1024,16.352
0,0,1,1024,16.258
0,0,1,1024,16.223
0,0,1,1024,16.288
0,0,1,1024,16.291
0,0,1,1024,16.192
0,0,1,1024,16.322
0,0,1,1024,16.289
0,0,1,1024,16.256
0,0,1,1024,16.226
0,0,1,1024,16.32
0,0,1,1024,16.288
0,0,1,1024,16.256
0,0,1,1024,16.352
0,0,1,1024,16.225
0,0,1,1024,16.32
0,0,1,1024,16.319
0,0,1,1024,16.256999999999998
0,0,1,1024,16.224
0,0,1,1024,16.320999999999998
0,0,1,1024,16.192
0,0,1,1024,16.256999999999998
0,0,1,1024,16.257
0,0,1,1024,16.320999999999998
0,0,1,1024,16.192
0,0,1,1024,16.256999999999998
0,0,1,1024,16.384
0,0,1,1024,16.224
0,0,1,1024,16.16
0,0,1,1024,16.224999999999998
0,0,1,1024,16.16
0,0,1,1024,16.062
0,0,1,1024,16.193
0,0,1,1024,16.223
0,0,1,1024,16.160999999999998
0,0,1,1024,16.128
0,0,1,1024,16.128
0,0,1,1024,16.192
0,0,1,1024,16.192999999999998
0,0,1,1024,16.224999999999998
0,0,1,1024,16.192
0,0,1,1024,16.195999999999998
0,0,1,1024,16.162
0,0,1,1024,16.096
0,0,1,1024,16.096
0,0,1,1024,16.128
0,0,1,1024,16.129
0,0,1,1024,16.128
0,0,1,1024,16.16
0,0,1,1024,16.224
0,0,1,1024,16.192999999999998
0,0,1,1024,16.128
0,0,1,1024,16.095
0,0,1,1024,16.191
0,0,1,1024,16.192
0,0,1,1024,16.16
0,0,1,1024,16.256
0,0,1,1024,16.192
0,0,1,1024,16.064
0,0,1,1024,16.128
0,0,1,1024,16.158
0,0,1,1024,16.192
0,0,1,4096,31.712000000000003
0,0,1,4096,32.480000000000004
0,0,1,4096,32.256
0,0,1,4096,32.32
0,0,1,4096,32.449000000000005
0,0,1,4096,31.937000000000005
0,0,1,4096,32.608000000000004
0,0,1,4096,31.744000000000003
0,0,1,4096,31.744000000000003
0,0,1,4096,31.967000000000002
0,0,1,4096,32.096000000000004
0,0,1,4096,31.808000000000003
0,0,1,4096,31.872000000000003
0,0,1,4096,31.903000000000002
0,0,1,4096,32.352000000000004
0,0,1,4096,31.520000000000003
0,0,1,4096,32.192
0,0,1,4096,32.160000000000004
0,0,1,4096,32.545
0,0,1,4096,32.321000000000005
0,0,1,4096,31.682000000000002
0,0,1,4096,31.874000000000002
0,0,1,4096,32.355
0,0,1,4096,32.160000000000004
0,0,1,4096,31.872000000000003
0,0,1,4096,31.778000000000002
0,0,1,4096,31.776000000000003
0,0,1,4096,31.840000000000003
0,0,1,4096,32.129000000000005
0,0,1,4096,32.095
0,0,1,4096,31.682000000000002
0,0,1,4096,32.419000000000004
0,0,1,4096,32.353
0,0,1,4096,31.680000000000003
0,0,1,4096,32.192
0,0,1,4096,32.352000000000004
0,0,1,4096,32.803
0,0,1,4096,32.160000000000004
0,0,1,4096,32.545
0,0,1,4096,32.480000000000004
0,0,1,4096,31.808999999999997
0,0,1,4096,31.680000000000003
0,0,1,4096,32.383
0,0,1,4096,31.968000000000004
0,0,1,4096,32.32
0,0,1,4096,32.607000000000006
0,0,1,4096,32.513000000000005
0,0,1,4096,32.481
0,0,1,4096,32.705
0,0,1,4096,32.288000000000004
0,0,1,4096,32.096000000000004
0,0,1,4096,32.064
0,0,1,4096,32.544000000000004
0,0,1,4096,32.704
0,0,1,4096,32.642
0,0,1,4096,32.065
0,0,1,4096,31.808000000000003
0,0,1,4096,32.480000000000004
0,0,1,4096,31.874
0,0,1,4096,31.936000000000003
0,0,1,4096,31.776000000000003
0,0,1,4096,32.192
0,0,1,4096,31.869
0,0,1,4096,31.904000000000003
0,0,1,4096,32.608000000000004
0,0,1,4096,32.321000000000005
0,0,1,4096,32.385000000000005
0,0,1,4096,31.776000000000003
0,0,1,4096,32.287
0,0,1,4096,32.32
0,0,1,4096,32.225
0,0,1,4096,32.192
0,0,1,4096,31.936000000000003
0,0,1,4096,31.49
0,0,1,4096,32.0
0,0,1,4096,32.544000000000004
0,0,1,4096,32.064
0,0,1,4096,32.033
0,0,1,4096,32.865
0,0,1,4096,31.808000000000003
0,0,1,4096,32.480000000000004
0,0,1,4096,32.608000000000004
0,0,1,4096,31.809
0,0,1,4096,31.744000000000003
0,0,1,4096,32.32
0,0,1,4096,32.192
0,0,1,4096,32.480000000000004
0,0,1,4096,31.840000000000003
0,0,1,4096,32.735
0,0,1,4096,31.936000000000003
0,0,1,4096,32.223
0,0,1,4096,32.384
0,0,1,4096,32.192
0,0,1,4096,32.192
0,0,1,4096,32.352000000000004
0,0,1,4096,31.968000000000004
0,0,1,4096,31.584000000000003
0,0,1,4096,31.904000000000003
0,0,1,4096,32.545
0,0,1,4096,32.032000000000004
0,0,1,4096,31.840000000000003
0,0,1,4096,32.160000000000004
0,0,1,4096,32.001000000000005
0,0,1,4096,32.513000000000005
0,0,1,4096,31.904000000000003
0,0,1,4096,32.257
0,0,1,4096,32.128
0,0,1,4096,32.448
0,0,1,16384,87.42399999999999
0,0,1,16384,86.305
0,0,1,16384,87.52
0,0,1,16384,85.697
0,0,1,16384,86.65800000000002
0,0,1,16384,86.30300000000001
0,0,1,16384,87.361
0,0,1,16384,87.32800000000002
0,0,1,16384,86.56200000000001
0,0,1,16384,86.78500000000001
0,0,1,16384,86.72099999999999
0,0,1,16384,87.20100000000002
0,0,1,16384,85.85700000000001
0,0,1,16384,86.53
0,0,1,16384,85.921
0,0,1,16384,87.00800000000001
0,0,1,16384,86.11099999999999
0,0,1,16384,85.504
0,0,1,16384,86.783
0,0,1,16384,85.855
0,0,1,16384,87.10399999999998
0,0,1,16384,86.241
0,0,1,16384,85.887
0,0,1,16384,86.847
0,0,1,16384,86.75200000000001
0,0,1,16384,86.848
0,0,1,16384,86.018
0,0,1,16384,86.30499999999998
0,0,1,16384,86.20800000000001
0,0,1,16384,86.14399999999999
0,0,1,16384,86.463
0,0,1,16384,87.77699999999999
0,0,1,16384,86.75200000000001
0,0,1,16384,86.94500000000001
0,0,1,16384,85.536
0,0,1,16384,87.64800000000001
0,0,1,16384,85.761
0,0,1,16384,85.76
0,0,1,16384,87.10399999999998
0,0,1,16384,86.01700000000001
0,0,1,16384,85.729
0,0,1,16384,86.17599999999999
0,0,1,16384,86.497
0,0,1,16384,86.049
0,0,1,16384,86.75399999999999
0,0,1,16384,86.207
0,0,1,16384,85.69599999999998
0,0,1,16384,85.664
0,0,1,16384,86.944
0,0,1,16384,86.72000000000001
0,0,1,16384,86.08200000000001
0,0,1,16384,86.88099999999999
0,0,1,16384,85.888
0,0,1,16384,86.497
0,0,1,16384,86.305
0,0,1,16384,87.52000000000001
0,0,1,16384,86.719
0,0,1,16384,86.30499999999999
0,0,1,16384,86.113
0,0,1,16384,86.785
0,0,1,16384,85.697
0,0,1,16384,86.657
0,0,1,16384,87.04100000000001
0,0,1,16384,86.913
0,0,1,16384,86.01700000000001
0,0,1,16384,86.27299999999998
0,0,1,16384,86.273
0,0,1,16384,86.17599999999999
0,0,1,16384,87.20100000000001
0,0,1,16384,85.728
0,0,1,16384,86.07999999999998
0,0,1,16384,87.84000000000002
0,0,1,16384,86.145
0,0,1,16384,85.793
0,0,1,16384,88.096
0,0,1,16384,86.49600000000001
0,0,1,16384,86.049
0,0,1,16384,85.43999999999998
0,0,1,16384,87.36099999999999
0,0,1,16384,86.24099999999999
0,0,1,16384,86.112
0,0,1,16384,86.178
0,0,1,16384,85.92
0,0,1,16384,86.08
0,0,1,16384,85.79299999999999
0,0,1,16384,86.848
0,0,1,16384,86.401
0,0,1,16384,86.017
0,0,1,16384,85.95400000000001
0,0,1,16384,85.761
0,0,1,16384,87.295
0,0,1,16384,86.17800000000001
0,0,1,16384,86.178
0,0,1,16384,86.17699999999999
0,0,1,16384,85.952
0,0,1,16384,86.209
0,0,1,16384,86.36900000000001
0,0,1,16384,87.10499999999999
0,0,1,16384,85.88799999999999
0,0,1,16384,86.625
0,0,1,16384,86.017
0,0,1,16384,85.121
0,0,1,16384,86.08000000000001
0,0,1,16384,86.59299999999999
0,0,1,16384,87.553
0,0,1,16384,87.393
0,0,1,16384,86.14599999999999
0,0,1,16384,86.56
0,0,4,256,18.622999999999998
0,0,4,256,18.689
0,0,4,256,18.848999999999997
0,0,4,256,18.912
0,0,4,256,18.784999999999997
0,0,4,256,18.721
0,0,4,256,18.847
0,0,4,256,18.784
0,0,4,256,18.817
0,0,4,256,18.657
0,0,4,256,18.848999999999997
0,0,4,256,18.848
0,0,4,256,18.623999999999995
0,0,4,256,18.815
0,0,4,256,18.913000000000004
0,0,4,256,18.751999999999995
0,0,4,256,18.942999999999998
0,0,4,256,18.656000000000002
0,0,4,256,18.751999999999995
0,0,4,256,18.721999999999998
0,0,4,256,18.881
0,0,4,256,18.688000000000002
0,0,4,256,18.976
0,0,4,256,18.687
0,0,4,256,18.912
0,0,4,256,18.752000000000002
0,0,4,256,18.976
0,0,4,256,18.654000000000003
0,0,4,256,18.974
0,0,4,256,18.879999999999995
0,0,4,256,18.753
0,0,4,256,18.880000000000003
0,0,4,256,18.784
0,0,4,256,18.814999999999998
0,0,4,256,18.976999999999997
0,0,4,256,18.688000000000002
0,0,4,256,18.433
0,0,4,256,18.976
0,0,4,256,18.623999999999995
0,0,4,256,18.784
0,0,4,256,18.655
0,0,4,256,18.816
0,0,4,256,18.72
0,0,4,256,18.944000000000003
0,0,4,256,18.849
0,0,4,256,18.848
0,0,4,256,18.687
0,0,4,256,18.848
0,0,4,256,18.656999999999996
0,0,4,256,18.848999999999997
0,0,4,256,18.624000000000002
0,0,4,256,18.782999999999998
0,0,4,256,18.75
0,0,4,256,18.848999999999997
0,0,4,256,18.753
0,0,4,256,18.914
0,0,4,256,18.784999999999997
0,0,4,256,18.72
0,0,4,256,18.847
0,0,4,256,18.686
0,0,4,256,18.751999999999995
0,0,4,256,18.975
0,0,4,256,19.070999999999998
0,0,4,256,18.751999999999995
0,0,4,256,18.819000000000003
0,0,4,256,18.784
0,0,4,256,18.657
0,0,4,256,18.817
0,0,4,256,18.815999999999995
0,0,4,256,18.912
0,0,4,256,18.752000000000002
0,0,4,256,18.72
0,0,4,256,18.656
0,0,4,256,18.848
0,0,4,256,19.006999999999998
0,0,4,256,18.529000000000003
0,0,4,256,18.976
0,0,4,256,18.784
0,0,4,256,18.879999999999995
0,0,4,256,18.816000000000003
0,0,4,256,18.912999999999997
0,0,4,256,19.008000000000003
0,0,4,256,18.751999999999995
0,0,4,256,18.784
0,0,4,256,18.912999999999997
0,0,4,256,18.689
0,0,4,256,18.848
0,0,4,256,18.976999999999997
0,0,4,256,18.784
0,0,4,256,18.974999999999998
0,0,4,256,18.784999999999997
0,0,4,256,18.753
0,0,4,256,19.007999999999996
0,0,4,256,18.593
0,0,4,256,18.848
0,0,4,256,18.752000000000002
0,0,4,256,18.848
0,0,4,256,18.785
0,0,4,256,19.071999999999996
0,0,4,256,18.687
0,0,4,256,19.104
0,0,4,256,18.814
0,0,4,256,18.848
0,0,4,256,18.848999999999997
0,0,4,256,19.007
0,0,4,256,18.656
0,0,4,256,18.848
0,0,4,256,18.688000000000002
0,0,4,1024,36.32
0,0,4,1024,37.024
0,0,4,1024,37.088
0,0,4,1024,36.894999999999996
0,0,4,1024,37.11899999999999
0,0,4,1024,37.12
0,0,4,1024,37.409000000000006
0,0,4,1024,37.12
0,0,4,1024,37.311
0,0,4,1024,37.056
0,0,4,1024,37.184000000000005
0,0,4,1024,37.087999999999994
0,0,4,1024,37.087
0,0,4,1024,36.897
0,0,4,1024,37.186
0,0,4,1024,37.025000000000006
0,0,4,1024,36.48
0,0,4,1024,37.089
0,0,4,1024,37.183
0,0,4,1024,36.767
0,0,4,1024,37.248
0,0,4,1024,36.92700000000001
0,0,4,1024,37.152
0,0,4,1024,37.248
0,0,4,1024,37.151999999999994
0,0,4,1024,36.993
0,0,4,1024,37.568
0,0,4,1024,37.056
0,0,4,1024,37.56900000000001
0,0,4,1024,37.121
0,0,4,1024,37.313
0,0,4,1024,37.024
0,0,4,1024,37.376
0,0,4,1024,37.025000000000006
0,0,4,1024,37.248000000000005
0,0,4,1024,37.122
0,0,4,1024,36.799
0,0,4,1024,37.183
0,0,4,1024,37.184
0,0,4,1024,36.992
0,0,4,1024,37.086999999999996
0,0,4,1024,37.247
0,0,4,1024,36.993
0,0,4,1024,37.120000000000005
0,0,4,1024,37.37700000000001
0,0,4,1024,37.217
0,0,4,1024,36.833000000000006
0,0,4,1024,37.312
0,0,4,1024,37.055
0,0,4,1024,37.314
0,0,4,1024,36.992
0,0,4,1024,37.119
0,0,4,1024,37.089000000000006
0,0,4,1024,37.120999999999995
0,0,4,1024,36.899
0,0,4,1024,37.251
0,0,4,1024,37.057
0,0,4,1024,37.248
0,0,4,1024,37.089
0,0,4,1024,37.6
0,0,4,1024,36.833
0,0,4,1024,37.312
0,0,4,1024,37.248
0,0,4,1024,36.992
0,0,4,1024,36.992
0,0,4,1024,37.186
0,0,4,1024,37.055
0,0,4,1024,37.122
0,0,4,1024,36.96
0,0,4,1024,37.504
0,0,4,1024,37.18600000000001
0,0,4,1024,37.25
0,0,4,1024,36.192
0,0,4,1024,37.121
0,0,4,1024,37.504
0,0,4,1024,37.024
0,0,4,1024,37.278999999999996
0,0,4,1024,37.054
0,0,4,1024,37.377
0,0,4,1024,37.151999999999994
0,0,4,1024,37.214999999999996
0,0,4,1024,36.96
0,0,4,1024,36.992000000000004
0,0,4,1024,37.025000000000006
0,0,4,1024,37.249
0,0,4,1024,37.12
0,0,4,1024,37.504
0,0,4,1024,37.056
0,0,4,1024,37.281000000000006
0,0,4,1024,36.961
0,0,4,1024,37.153
0,0,4,1024,36.992000000000004
0,0,4,1024,37.216
0,0,4,1024,36.991
0,0,4,1024,37.056999999999995
0,0,4,1024,36.929
0,0,4,1024,37.184
0,0,4,1024,37.055
0,0,4,1024,37.345000000000006
0,0,4,1024,37.217
0,0,4,1024,37.21600000000001
0,0,4,1024,37.120000000000005
0,0,4,1024,37.409000000000006
0,0,4,1024,36.992
0,0,4,1024,37.345
0,0,4,1024,36.864
0,0,4,1024,37.088
0,0,4,1024,37.155
0,0,4,4096,95.26400000000001
0,0,4,4096,91.39200000000001
0,0,4,4096,91.391
0,0,4,4096,91.136
0,0,4,4096,91.17
0,0,4,4096,91.23400000000001
0,0,4,4096,90.94500000000001
0,0,4,4096,90.816
0,0,4,4096,91.425
0,0,4,4096,91.009
0,0,4,4096,91.362
0,0,4,4096,91.553
0,0,4,4096,91.265
0,0,4,4096,91.07300000000001
0,0,4,4096,91.00900000000001
0,0,4,4096,90.881
0,0,4,4096,90.785
0,0,4,4096,91.49
0,0,4,4096,91.26500000000001
0,0,4,4096,91.105
0,0,4,4096,91.617
0,0,4,4096,90.914
0,0,4,4096,91.009
0,0,4,4096,91.521
0,0,4,4096,91.105
0,0,4,4096,91.041
0,0,4,4096,91.393
0,0,4,4096,90.658
0,0,4,4096,91.61699999999999
0,0,4,4096,91.041
0,0,4,4096,90.913
0,0,4,4096,91.04100000000001
0,0,4,4096,91.391
0,0,4,4096,90.529
0,0,4,4096,91.07
0,0,4,4096,91.39299999999999
0,0,4,4096,94.979
0,0,4,4096,91.58500000000001
0,0,4,4096,91.04
0,0,4,4096,91.45700000000001
0,0,4,4096,90.91000000000001
0,0,4,4096,91.64899999999999
0,0,4,4096,91.042
0,0,4,4096,91.138
0,0,4,4096,90.75399999999999
0,0,4,4096,91.361
0,0,4,4096,91.202
0,0,4,4096,91.457
0,0,4,4096,91.23199999999999
0,0,4,4096,91.16900000000001
0,0,4,4096,91.136
0,0,4,4096,91.07100000000001
0,0,4,4096,90.977
0,0,4,4096,91.19999999999999
0,0,4,4096,90.94399999999999
0,0,4,4096,91.105
0,0,4,4096,91.105
0,0,4,4096,91.00800000000001
0,0,4,4096,90.722
0,0,4,4096,91.29800000000002
0,0,4,4096,90.785
0,0,4,4096,91.362
0,0,4,4096,91.008
0,0,4,4096,90.979
0,0,4,4096,90.977
0,0,4,4096,91.39200000000001
0,0,4,4096,90.495
0,0,4,4096,91.233
0,0,4,4096,91.329
0,0,4,4096,90.88100000000001
0,0,4,4096,91.009
0,0,4,4096,91.45599999999999
0,0,4,4096,94.881
0,0,4,4096,90.785
0,0,4,4096,91.42699999999999
0,0,4,4096,90.752
0,0,4,4096,91.167
0,0,4,4096,91.393
0,0,4,4096,91.2
0,0,4,4096,91.011
0,0,4,4096,91.169
0,0,4,4096,91.36099999999999
0,0,4,4096,91.39300000000001
0,0,4,4096,91.296
0,0,4,4096,90.976
0,0,4,4096,90.976
0,0,4,4096,91.19999999999999
0,0,4,4096,91.35999999999999
0,0,4,4096,90.81700000000001
0,0,4,4096,91.521
0,0,4,4096,91.2
0,0,4,4096,90.84900000000002
0,0,4,4096,91.268
0,0,4,4096,91.008
0,0,4,4096,91.20100000000001
0,0,4,4096,91.265
0,0,4,4096,91.265
0,0,4,4096,91.16799999999999
0,0,4,4096,91.329
0,0,4,4096,90.881
0,0,4,4096,91.199
0,0,4,4096,91.265
0,0,4,4096,90.65599999999999
0,0,4,4096,91.10200000000002
0,0,4,4096,91.71199999999999
0,0,4,4096,91.009
0,0,4,4096,90.68900000000001
0,0,4,4096,91.36000000000001
0,0,16,256,34.751
0,0,16,256,36.671
0,0,16,256,36.64
0,0,16,256,35.873
0,0,16,256,36.995
0,0,16,256,36.449
0,0,16,256,36.641
0,0,16,256,36.385000000000005
0,0,16,256,36.192
0,0,16,256,36.095000000000006
0,0,16,256,35.808
0,0,16,256,36.353
0,0,16,256,35.778
0,0,16,256,35.839
0,0,16,256,36.512
0,0,16,256,35.199000000000005
0,0,16,256,35.778
0,0,16,256,35.777
0,0,16,256,36.8
0,0,16,256,35.998999999999995
0,0,16,256,35.616
0,0,16,256,36.448
0,0,16,256,36.51200000000001
0,0,16,256,36.385000000000005
0,0,16,256,35.297
0,0,16,256,36.737
0,0,16,256,36.25699999999999
0,0,16,256,35.681
0,0,16,256,35.806
0,0,16,256,36.511
0,0,16,256,36.062
0,0,16,256,36.513000000000005
0,0,16,256,35.422999999999995
0,0,16,256,36.035
0,0,16,256,36.128
0,0,16,256,36.225
0,0,16,256,34.974999999999994
0,0,16,256,35.52
0,0,16,256,35.93599999999999
0,0,16,256,36.894
0,0,16,256,36.288000000000004
0,0,16,256,35.682
0,0,16,256,35.904
0,0,16,256,36.0
0,0,16,256,35.61600000000001
0,0,16,256,35.68
0,0,16,256,36.44799999999999
0,0,16,256,36.479
0,0,16,256,35.873999999999995
0,0,16,256,35.391
0,0,16,256,37.088
0,0,16,256,36.001000000000005
0,0,16,256,36.832
0,0,16,256,35.841
0,0,16,256,36.512
0,0,16,256,36.384
0,0,16,256,36.737
0,0,16,256,35.552
0,0,16,256,37.342999999999996
0,0,16,256,35.521
0,0,16,256,36.638
0,0,16,256,36.065000000000005
0,0,16,256,36.257
0,0,16,256,34.913000000000004
0,0,16,256,35.550999999999995
0,0,16,256,36.481
0,0,16,256,36.029999999999994
0,0,16,256,36.065
0,0,16,256,35.906
0,0,16,256,36.577000000000005
0,0,16,256,35.969
0,0,16,256,36.673
0,0,16,256,34.783
0,0,16,256,36.608
0,0,16,256,36.128
0,0,16,256,36.896
0,0,16,256,35.808
0,0,16,256,35.71099999999999
0,0,16,256,36.768
0,0,16,256,37.089000000000006
0,0,16,256,35.647999999999996
0,0,16,256,35.968
0,0,16,256,35.904
0,0,16,256,36.097
0,0,16,256,35.520999999999994
0,0,16,256,36.769
0,0,16,256,35.48799999999999
0,0,16,256,35.711
0,0,16,256,36.384
0,0,16,256,35.455999999999996
0,0,16,256,36.736
0,0,16,256,36.352000000000004
0,0,16,256,36.065
0,0,16,256,35.776
0,0,16,256,35.969
0,0,16,256,36.0
0,0,16,256,35.68
0,0,16,256,36.19
0,0,16,256,35.872
0,0,16,256,35.777
0,0,16,256,36.321
0,0,16,256,35.617000000000004
0,0,16,256,36.863
0,0,16,256,36.707
0,0,16,256,36.769999999999996
0,0,16,256,36.032
0,0,16,256,37.024
0,0,16,256,36.383
0,0,16,1024,100.67300000000002
0,0,16,1024,90.49800000000002
0,0,16,1024,89.69600000000001
0,0,16,1024,90.497
0,0,16,1024,89.6
0,0,16,1024,89.823
0,0,16,1024,90.047
0,0,16,1024,89.504
0,0,16,1024,89.63399999999999
0,0,16,1024,89.92
0,0,16,1024,89.504
0,0,16,1024,89.536
0,0,16,1024,90.68800000000002
0,0,16,1024,89.88899999999998
0,0,16,1024,89.985
0,0,16,1024,89.63199999999999
0,0,16,1024,89.855
0,0,16,1024,89.535
0,0,16,1024,90.175
0,0,16,1024,89.698
0,0,16,1024,89.91900000000001
0,0,16,1024,90.17699999999999
0,0,16,1024,89.6
0,0,16,1024,88.92900000000002
0,0,16,1024,90.465
0,0,16,1024,90.721
0,0,16,1024,89.18500000000002
0,0,16,1024,90.43300000000002
0,0,16,1024,89.79399999999998
0,0,16,1024,90.08
0,0,16,1024,90.081
0,0,16,1024,90.24
0,0,16,1024,90.11299999999999
0,0,16,1024,90.27199999999999
0,0,16,1024,90.208
0,0,16,1024,89.921
0,0,16,1024,101.443
0,0,16,1024,89.89000000000001
0,0,16,1024,90.561
0,0,16,1024,89.53699999999999
0,0,16,1024,90.529
0,0,16,1024,90.07900000000001
0,0,16,1024,89.69500000000001
0,0,16,1024,89.24900000000001
0,0,16,1024,89.60100000000001
0,0,16,1024,89.668
0,0,16,1024,89.313
0,0,16,1024,90.464
0,0,16,1024,89.6
0,0,16,1024,89.37600000000002
0,0,16,1024,89.98400000000001
0,0,16,1024,89.85799999999999
0,0,16,1024,89.055
0,0,16,1024,89.601
0,0,16,1024,89.922
0,0,16,1024,90.465
0,0,16,1024,89.02400000000002
0,0,16,1024,89.952
0,0,16,1024,89.441
0,0,16,1024,89.025
0,0,16,1024,89.921
0,0,16,1024,90.464
0,0,16,1024,90.273
0,0,16,1024,89.633
0,0,16,1024,90.17699999999999
0,0,16,1024,88.992
0,0,16,1024,89.794
0,0,16,1024,90.37
0,0,16,1024,89.153
0,0,16,1024,89.95300000000002
0,0,16,1024,89.47099999999999
0,0,16,1024,89.569
0,0,16,1024,101.055
0,0,16,1024,90.303
0,0,16,1024,90.722
0,0,16,1024,89.63400000000001
0,0,16,1024,89.569
0,0,16,1024,89.69600000000001
0,0,16,1024,91.168
0,0,16,1024,90.369
0,0,16,1024,89.986
0,0,16,1024,90.33600000000001
0,0,16,1024,89.47300000000001
0,0,16,1024,89.34600000000002
0,0,16,1024,90.78500000000001
0,0,16,1024,89.76
0,0,16,1024,89.89
0,0,16,1024,89.986
0,0,16,1024,89.312
0,0,16,1024,90.049
0,0,16,1024,89.825
0,0,16,1024,90.144
0,0,16,1024,89.89
0,0,16,1024,89.311
0,0,16,1024,90.30600000000001
0,0,16,1024,88.54500000000002
0,0,16,1024,90.56099999999999
0,0,16,1024,90.14299999999999
0,0,16,1024,90.337
0,0,16,1024,89.632
0,0,16,1024,90.17599999999999
0,0,16,1024,89.281
0,0,16,1024,89.793
0,0,16,1024,90.274
0,0,16,1024,90.433
0,0,16,1024,90.272
0,0,16,1024,89.95100000000001
0,0,16,1024,89.761
128,0,0,0,10.72
128,0,0,0,11.232
128,0,0,0,11.233
128,0,0,0,11.296
128,0,0,0,11.234
128,0,0,0,11.232
128,0,0,0,11.264
128,0,0,0,11.232
128,0,0,0,11.583
128,0,0,0,11.233
128,0,0,0,11.2
128,0,0,0,11.296
128,0,0,0,11.296999999999999
128,0,0,0,11.296
128,0,0,0,11.169
128,0,0,0,11.329
128,0,0,0,11.296
128,0,0,0,11.328999999999999
128,0,0,0,11.265
128,0,0,0,11.328
128,0,0,0,11.168
128,0,0,0,11.2
128,0,0,0,11.392
128,0,0,0,11.36
128,0,0,0,11.296
128,0,0,0,11.264999999999999
128,0,0,0,11.552
128,0,0,0,11.329
128,0,0,0,11.328
128,0,0,0,11.328999999999999
128,0,0,0,11.296
128,0,0,0,11.264999999999999
128,0,0,0,11.393
128,0,0,0,11.168
128,0,0,0,11.264
128,0,0,0,11.36
128,0,0,0,10.816
128,0,0,0,11.264
128,0,0,0,11.329
128,0,0,0,11.232999999999999
128,0,0,0,11.328
128,0,0,0,11.264
128,0,0,0,11.52
128,0,0,0,11.297
128,0,0,0,11.328
128,0,0,0,11.296999999999999
128,0,0,0,11.36
128,0,0,0,11.231
128,0,0,0,11.296
128,0,0,0,11.233
128,0,0,0,11.359
128,0,0,0,11.296
128,0,0,0,11.233
128,0,0,0,11.36
128,0,0,0,11.424
128,0,0,0,11.264
128,0,0,0,11.296999999999999
128,0,0,0,11.264999999999999
128,0,0,0,11.264
128,0,0,0,11.36
128,0,0,0,11.264
128,0,0,0,11.263
128,0,0,0,11.296
128,0,0,0,11.425
128,0,0,0,11.264
128,0,0,0,11.296
128,0,0,0,11.296
128,0,0,0,11.328
128,0,0,0,11.264
128,0,0,0,11.296
128,0,0,0,11.328
128,0,0,0,11.232999999999999
128,0,0,0,10.689
128,0,0,0,11.296
128,0,0,0,11.456
128,0,0,0,11.296
128,0,0,0,11.296
128,0,0,0,11.553
128,0,0,0,11.296
128,0,0,0,11.233
128,0,0,0,11.36
128,0,0,0,11.232999999999999
128,0,0,0,11.328
128,0,0,0,11.199
128,0,0,0,11.2
128,0,0,0,11.264
128,0,0,0,11.264
128,0,0,0,11.296
128,0,0,0,11.296
128,0,0,0,11.2
128,0,0,0,11.424
128,0,0,0,11.232
128,0,0,0,11.296
128,0,0,0,11.327
128,0,0,0,11.264
128,0,0,0,11.36
128,0,0,0,11.36
128,0,0,0,11.296
128,0,0,0,11.264
128,0,0,0,11.296
128,0,0,0,11.264
128,0,0,0,11.328
128,0,0,0,11.392
128,0,0,0,11.264
128,0,0,0,11.424
128,0,0,0,11.264
128,0,0,0,11.424
128,0,0,0,11.392
512,0,0,0,42.336
512,0,0,0,43.104
512,0,0,0,43.007999999999996
512,0,0,0,42.912000000000006
512,0,0,0,42.976
512,0,0,0,43.232000000000006
512,0,0,0,43.041000000000004
512,0,0,0,43.008
512,0,0,0,42.945
512,0,0,0,43.04
512,0,0,0,42.945
512,0,0,0,42.848000000000006
512,0,0,0,42.879999999999995
512,0,0,0,43.04
512,0,0,0,42.72
512,0,0,0,42.977000000000004
512,0,0,0,42.976
512,0,0,0,43.041
512,0,0,0,42.944
512,0,0,0,42.817
512,0,0,0,43.01
512,0,0,0,42.752
512,0,0,0,42.976
512,0,0,0,42.976
512,0,0,0,43.009
512,0,0,0,43.104
512,0,0,0,42.784
512,0,0,0,43.104
512,0,0,0,42.816
512,0,0,0,42.879999999999995
512,0,0,0,42.754
512,0,0,0,43.168000000000006
512,0,0,0,42.624
512,0,0,0,43.042
512,0,0,0,42.912000000000006
512,0,0,0,42.88
512,0,0,0,42.466
512,0,0,0,43.136
512,0,0,0,43.007
512,0,0,0,42.944
512,0,0,0,43.071999999999996
512,0,0,0,42.753
512,0,0,0,42.848
512,0,0,0,42.977999999999994
512,0,0,0,42.976000000000006
512,0,0,0,42.976
512,0,0,0,42.976000000000006
512,0,0,0,42.976
512,0,0,0,43.008
512,0,0,0,42.944
512,0,0,0,42.849
512,0,0,0,43.01
512,0,0,0,42.976
512,0,0,0,42.944
512,0,0,0,43.168000000000006
512,0,0,0,43.009
512,0,0,0,43.104
512,0,0,0,43.039
512,0,0,0,42.944
512,0,0,0,42.848
512,0,0,0,42.624
512,0,0,0,42.976
512,0,0,0,42.848000000000006
512,0,0,0,42.785
512,0,0,0,42.784
512,0,0,0,42.977000000000004
512,0,0,0,42.944
512,0,0,0,42.816
512,0,0,0,43.104
512,0,0,0,43.105999999999995
512,0,0,0,42.72
512,0,0,0,42.817
512,0,0,0,42.401
512,0,0,0,43.105
512,0,0,0,42.977000000000004
512,0,0,0,43.04
512,0,0,0,42.976
512,0,0,0,42.784
512,0,0,0,43.009
512,0,0,0,42.943000000000005
512,0,0,0,42.688
512,0,0,0,42.751000000000005
512,0,0,0,42.784000000000006
512,0,0,0,42.69
512,0,0,0,42.978
512,0,0,0,42.816
512,0,0,0,42.912000000000006
512,0,0,0,42.817
512,0,0,0,42.721
512,0,0,0,42.976
512,0,0,0,42.88
512,0,0,0,42.719
512,0,0,0,42.848
512,0,0,0,42.817
512,0,0,0,42.72
512,0,0,0,42.785000000000004
512,0,0,0,42.657
512,0,0,0,42.752
512,0,0,0,43.040000000000006
512,0,0,0,42.944
512,0,0,0,42.688
512,0,0,0,42.784
512,0,0,0,42.721
512,0,0,0,42.689
512,0,0,0,42.912
512,0,0,0,42.848000000000006
512,0,0,0,42.816
512,0,0,0,42.688
2048,0,0,0,348.418
2048,0,0,0,349.027
2048,0,0,0,347.043
2048,0,0,0,348.61
2048,0,0,0,349.123
2048,0,0,0,349.539
2048,0,0,0,347.971
2048,0,0,0,348.068
2048,0,0,0,347.459
2048,0,0,0,347.01099999999997
2048,0,0,0,349.50600000000003
2048,0,0,0,348.931
2048,0,0,0,348.354
2048,0,0,0,349.283
2048,0,0,0,348.93100000000004
2048,0,0,0,348.77
2048,0,0,0,347.875
2048,0,0,0,348.259
2048,0,0,0,347.267
2048,0,0,0,347.651
2048,0,0,0,349.059
2048,0,0,0,347.811
2048,0,0,0,348.003
2048,0,0,0,347.90700000000004
2048,0,0,0,348.64300000000003
2048,0,0,0,348.42
2048,0,0,0,349.02700000000004
2048,0,0,0,348.515
2048,0,0,0,348.355
2048,0,0,0,348.93100000000004
2048,0,0,0,348.64300000000003
2048,0,0,0,347.93899999999996
2048,0,0,0,346.979
2048,0,0,0,348.41900000000004
2048,0,0,0,349.25100000000003
2048,0,0,0,349.379
2048,0,0,0,348.451
2048,0,0,0,348.48299999999995
2048,0,0,0,348.546
2048,0,0,0,349.37899999999996
2048,0,0,0,348.13100000000003
2048,0,0,0,348.54699999999997
2048,0,0,0,347.42699999999996
2048,0,0,0,320.93
2048,0,0,0,319.523
2048,0,0,0,319.778
2048,0,0,0,319.394
2048,0,0,0,319.683
2048,0,0,0,318.56300000000005
2048,0,0,0,319.267
2048,0,0,0,318.49899999999997
2048,0,0,0,318.019
2048,0,0,0,317.826
2048,0,0,0,318.21000000000004
2048,0,0,0,318.786
2048,0,0,0,318.78700000000003
2048,0,0,0,317.89099999999996
2048,0,0,0,317.571
2048,0,0,0,317.76300000000003
2048,0,0,0,318.019
2048,0,0,0,319.106
2048,0,0,0,318.947
2048,0,0,0,319.203
2048,0,0,0,318.242
2048,0,0,0,320.58
2048,0,0,0,318.849
2048,0,0,0,320.194
2048,0,0,0,320.60999999999996
2048,0,0,0,321.05899999999997
2048,0,0,0,320.994
2048,0,0,0,321.282
2048,0,0,0,320.099
2048,0,0,0,320.611
2048,0,0,0,321.50699999999995
2048,0,0,0,321.635
2048,0,0,0,321.091
2048,0,0,0,320.99499999999995
2048,0,0,0,321.53700000000003
2048,0,0,0,320.706
2048,0,0,0,320.195
2048,0,0,0,321.219
2048,0,0,0,320.834
2048,0,0,0,320.034
2048,0,0,0,320.226
2048,0,0,0,319.04299999999995
2048,0,0,0,318.531
2048,0,0,0,319.04200000000003
2048,0,0,0,319.58700000000005
2048,0,0,0,319.202
2048,0,0,0,319.138
2048,0,0,0,318.466
2048,0,0,0,319.49
2048,0,0,0,319.01099999999997
2048,0,0,0,319.555
2048,0,0,0,319.619
2048,0,0,0,318.69100000000003
2048,0,0,0,319.17
2048,0,0,0,318.947
2048,0,0,0,320.226
2048,0,0,0,318.787
2048,0,0,0,318.40299999999996
2048,0,0,0,318.787
2048,0,0,0,318.531
2048,0,0,0,318.21
2048,0,0,0,318.818
2048,0,0,0,318.85
2048,0,0,0,319.714
2048,0,0,0,318.755
128,0,4,2048,100.225
128,0,4,2048,100.67200000000001
128,0,4,2048,101.857
128,0,4,2048,101.24799999999999
128,0,4,2048,101.279
128,0,4,2048,101.505
128,0,4,2048,100.93
128,0,4,2048,101.057
128,0,4,2048,100.704
128,0,4,2048,100.609
128,0,4,2048,101.505
128,0,4,2048,101.02499999999999
128,0,4,2048,101.024
128,0,4,2048,101.122
128,0,4,2048,101.729
128,0,4,2048,101.121
128,0,4,2048,100.8
128,0,4,2048,101.28099999999999
128,0,4,2048,101.409
128,0,4,2048,101.025
128,0,4,2048,100.896
128,0,4,2048,100.833
128,0,4,2048,101.408
128,0,4,2048,100.73700000000001
128,0,4,2048,101.632
128,0,4,2048,100.928
128,0,4,2048,101.345
128,0,4,2048,101.089
128,0,4,2048,101.6
128,0,4,2048,100.737
128,0,4,2048,101.313
128,0,4,2048,101.12100000000001
128,0,4,2048,100.928
128,0,4,2048,100.86399999999999
128,0,4,2048,101.185
128,0,4,2048,101.057
128,0,4,2048,100.865
128,0,4,2048,100.96
128,0,4,2048,100.993
128,0,4,2048,100.73700000000001
128,0,4,2048,101.728
128,0,4,2048,101.53699999999999
128,0,4,2048,101.28099999999999
128,0,4,2048,101.761
128,0,4,2048,101.31200000000001
128,0,4,2048,101.31400000000001
128,0,4,2048,100.86399999999999
128,0,4,2048,101.34400000000001
128,0,4,2048,101.537
128,0,4,2048,101.185
128,0,4,2048,101.761
128,0,4,2048,100.961
128,0,4,2048,102.01700000000001
128,0,4,2048,101.76
128,0,4,2048,101.28
128,0,4,2048,101.634
128,0,4,2048,100.8
128,0,4,2048,101.504
128,0,4,2048,100.962
128,0,4,2048,100.96000000000001
128,0,4,2048,101.44
128,0,4,2048,101.569
128,0,4,2048,101.057
128,0,4,2048,100.768
128,0,4,2048,101.025
128,0,4,2048,101.12
128,0,4,2048,100.289
128,0,4,2048,101.088
128,0,4,2048,101.473
128,0,4,2048,100.545
128,0,4,2048,101.313
128,0,4,2048,101.186
128,0,4,2048,100.416
128,0,4,2048,100.833
128,0,4,2048,101.473
128,0,4,2048,100.961
128,0,4,2048,100.769
128,0,4,2048,101.664
128,0,4,2048,101.729
128,0,4,2048,101.44
128,0,4,2048,100.993
128,0,4,2048,100.513
128,0,4,2048,100.834
128,0,4,2048,100.706
128,0,4,2048,101.633
128,0,4,2048,100.449
128,0,4,2048,101.37599999999999
128,0,4,2048,100.768
128,0,4,2048,100.802
128,0,4,2048,101.346
128,0,4,2048,101.11999999999999
128,0,4,2048,100.929
128,0,4,2048,100.289
128,0,4,2048,101.153
128,0,4,2048,101.472
128,0,4,2048,101.02499999999999
128,0,4,2048,101.569
128,0,4,2048,101.409
128,0,4,2048,100.929
128,0,4,2048,100.896
128,0,4,2048,100.513
128,0,4,2048,100.54400000000001
128,0,4,2048,101.375
128,0,4,2048,101.376
128,0,4,2048,101.568
128,0,4,2048,100.73700000000001
128,0,4,2048,101.15299999999999
128,0,4,2048,100.577
512,0,4,2048,147.77700000000002
512,0,4,2048,147.93699999999998
512,0,4,2048,148.44799999999998
512,0,4,2048,147.713
512,0,4,2048,147.937
512,0,4,2048,149.12
512,0,4,2048,149.28099999999998
512,0,4,2048,149.313
512,0,4,2048,149.37699999999998
512,0,4,2048,148.769
512,0,4,2048,148.546
512,0,4,2048,149.698
512,0,4,2048,148.70600000000002
512,0,4,2048,148.60999999999999
512,0,4,2048,148.065
512,0,4,2048,149.089
512,0,4,2048,148.61
512,0,4,2048,148.737
512,0,4,2048,149.185
512,0,4,2048,149.217
512,0,4,2048,148.60899999999998
512,0,4,2048,148.992
512,0,4,2048,148.963
512,0,4,2048,148.577
512,0,4,2048,149.345
512,0,4,2048,148.737
512,0,4,2048,148.86499999999998
512,0,4,2048,149.121
512,0,4,2048,149.121
512,0,4,2048,148.353
512,0,4,2048,148.193
512,0,4,2048,149.313
512,0,4,2048,148.769
512,0,4,2048,148.193
512,0,4,2048,149.05700000000002
512,0,4,2048,148.833
512,0,4,2048,149.25
512,0,4,2048,148.417
512,0,4,2048,148.513
512,0,4,2048,148.129
512,0,4,2048,147.458
512,0,4,2048,148.449
512,0,4,2048,148.129
512,0,4,2048,148.129
512,0,4,2048,148.256
512,0,4,2048,148.321
512,0,4,2048,148.834
512,0,4,2048,148.12900000000002
512,0,4,2048,149.25
512,0,4,2048,148.226
512,0,4,2048,147.87400000000002
512,0,4,2048,147.969
512,0,4,2048,148.386
512,0,4,2048,148.033
512,0,4,2048,148.801
512,0,4,2048,148.09699999999998
512,0,4,2048,148.833
512,0,4,2048,147.969
512,0,4,2048,148.289
512,0,4,2048,148.098
512,0,4,2048,148.449
512,0,4,2048,147.777
512,0,4,2048,148.001
512,0,4,2048,148.289
512,0,4,2048,147.873
512,0,4,2048,148.193
512,0,4,2048,148.481
512,0,4,2048,147.937
512,0,4,2048,148.098
512,0,4,2048,148.19299999999998
512,0,4,2048,148.161
512,0,4,2048,147.969
512,0,4,2048,148.193
512,0,4,2048,148.546
512,0,4,2048,148.385
512,0,4,2048,149.217
512,0,4,2048,148.065
512,0,4,2048,148.321
512,0,4,2048,148.00099999999998
512,0,4,2048,148.195
512,0,4,2048,148.54500000000002
512,0,4,2048,147.778
512,0,4,2048,148.51299999999998
512,0,4,2048,147.905
512,0,4,2048,147.681
512,0,4,2048,148.64
512,0,4,2048,147.84199999999998
512,0,4,2048,148.097
512,0,4,2048,148.48100000000002
512,0,4,2048,148.09799999999998
512,0,4,2048,148.386
512,0,4,2048,148.22500000000002
512,0,4,2048,148.129
512,0,4,2048,148.257
512,0,4,2048,148.002
512,0,4,2048,147.873
512,0,4,2048,148.00099999999998
512,0,4,2048,148.289
512,0,4,2048,148.609
512,0,4,2048,147.809
512,0,4,2048,147.87400000000002
512,0,4,2048,148.001
512,0,4,2048,148.417
512,0,4,2048,148.386
512,0,4,2048,147.93699999999998
512,0,4,2048,148.192
512,0,4,2048,148.417
512,0,4,2048,148.001
