status,op_kind,op_subtype,execution_mode,dtype,m,n,k,tp,kernel_source,case_id,measured_us_p50,measured_us_p10,measured_us_p90,roofline_us,roofline_gap,roofline_bottleneck,t_compute_us,t_memory_us,arithmetic_intensity,source_profiles
ok,gemm,qkv_proj,eager,bf16,1,6144,2560,1,vllm_row_parallel_linear,gemm__qkv_proj_tp1_m1_eager__cf5873ead172,46.671999618411064,46.06720060110092,62.97600083053112,31.224888888888884,1.4947050663491361,memory,0.19041937046004842,31.22488888888889,0.9994469206493802,qwen3_4b
ok,gemm,o_proj,eager,bf16,1,2560,4096,1,vllm_row_parallel_linear,gemm__o_proj_tp1_m1_eager__a49c912175c8,45.60000076889992,45.05600035190582,48.00960160791874,20.81828571428571,2.1903821186203025,memory,0.1269462469733656,20.818285714285715,0.9993656370467965,qwen3_4b
ok,gemm,gate_up_proj,eager,bf16,1,19456,2560,1,vllm_row_parallel_linear,gemm__gate_up_proj_tp1_m1_eager__e3855155f7bf,133.63199681043625,132.90559947490692,137.42080181837082,98.86780952380953,1.351622914010801,memory,0.6029946731234866,98.86780952380951,0.9995581722717137,qwen3_4b
ok,gemm,down_proj,eager,bf16,1,2560,9728,1,vllm_row_parallel_linear,gemm__down_proj_tp1_m1_eager__af9970db2d85,60.48000045120716,58.36800113320351,66.355200111866,49.43644444444444,1.2233889619463474,memory,0.3014973365617433,49.43644444444444,0.9995068222916325,qwen3_4b
ok,gemm,qkv_proj,eager,bf16,4,6144,2560,1,vllm_row_parallel_linear,gemm__qkv_proj_tp1_m4_eager__afddf00492b6,70.68800181150436,68.50560083985329,77.17759683728218,31.276698412698412,2.260085156008822,memory,0.7616774818401937,31.276698412698412,3.9911653891126413,qwen3_4b
ok,gemm,o_proj,eager,bf16,4,2560,4096,1,vllm_row_parallel_linear,gemm__o_proj_tp1_m4_eager__99e4d26aec26,61.43999844789505,59.28960144519806,63.999999314546585,20.85790476190476,2.945645746743946,memory,0.5077849878934624,20.85790476190476,3.9898694720436394,qwen3_4b
ok,gemm,gate_up_proj,eager,bf16,4,19456,2560,1,vllm_row_parallel_linear,gemm__gate_up_proj_tp1_m4_eager__215ea7136ab1,136.73599809408188,136.19199395179749,141.5744036436081,98.99885714285715,1.381187642366107,memory,2.4119786924939466,98.99885714285715,3.992940114107458,qwen3_4b
ok,gemm,down_proj,eager,bf16,4,2560,9728,1,vllm_row_parallel_linear,gemm__down_proj_tp1_m4_eager__bb3eb685a44d,83.99999886751175,80.89599758386612,87.65439987182617,49.509587301587295,1.696641063796924,memory,1.2059893462469733,49.5095873015873,3.9921208141825346,qwen3_4b
ok,gemm,qkv_proj,eager,bf16,16,6144,2560,1,vllm_row_parallel_linear,gemm__qkv_proj_tp1_m16_eager__baa70356b0a8,65.0239996612072,61.33759878575802,66.96960031986237,31.483936507936505,2.065307165284617,memory,3.0467099273607747,31.483936507936512,15.859576664945793,qwen3_4b
ok,gemm,o_proj,eager,bf16,16,2560,4096,1,vllm_row_parallel_linear,gemm__o_proj_tp1_m16_eager__f508ced95de6,61.423998326063156,58.35519842803478,65.94559997320175,21.016380952380953,2.922672484155956,memory,2.0311399515738495,21.016380952380953,15.839133797370456,qwen3_4b
ok,gemm,gate_up_proj,eager,bf16,16,19456,2560,1,vllm_row_parallel_linear,gemm__gate_up_proj_tp1_m16_eager__1e27829a8f11,139.26400244235992,138.2399946451187,141.61280244588852,99.52304761904762,1.3993140862750904,memory,9.647914769975786,99.52304761904762,15.887636779356525,qwen3_4b
ok,gemm,down_proj,eager,bf16,16,2560,9728,1,vllm_row_parallel_linear,gemm__down_proj_tp1_m16_eager__a67c8910ae46,82.91199803352356,80.89599758386612,84.33279916644096,49.80215873015873,1.6648273919763739,memory,4.823957384987893,49.80215873015873,15.87467362924282,qwen3_4b
ok,gemm,qkv_proj,eager,bf16,32,6144,2560,1,vllm_row_parallel_linear,gemm__qkv_proj_tp1_m32_eager__f564e35de4c3,59.408001601696014,58.36800113320351,62.675198912620544,31.760253968253966,1.8705140601544754,memory,6.0934198547215495,31.760253968253966,31.443193449334697,qwen3_4b
ok,gemm,o_proj,eager,bf16,32,2560,4096,1,vllm_row_parallel_linear,gemm__o_proj_tp1_m32_eager__46d343ba43ab,48.208000138401985,47.00160101056099,51.79839953780174,21.227682539682537,2.270996848020648,memory,4.062279903147699,21.22768253968254,31.362940275650843,qwen3_4b
ok,gemm,gate_up_proj,eager,bf16,32,19456,2560,1,vllm_row_parallel_linear,gemm__gate_up_proj_tp1_m32_eager__14cd5db30b64,147.40800112485886,145.3056037425995,151.6544058918953,100.22196825396826,1.4708152682784923,memory,19.295829539951573,100.22196825396826,31.55368147907882,qwen3_4b
ok,gemm,down_proj,eager,bf16,32,2560,9728,1,vllm_row_parallel_linear,gemm__down_proj_tp1_m32_eager__ea1993263a26,71.16800174117088,68.72320175170898,72.99520298838615,50.19225396825397,1.4179080657781145,memory,9.647914769975786,50.19225396825397,31.502590673575128,qwen3_4b
ok,gemm,qkv_proj,eager,bf16,128,6144,2560,1,vllm_row_parallel_linear,gemm__qkv_proj_tp1_m128_eager__5784803f43ad,83.96799862384796,81.61279782652855,86.32319942116737,33.41815873015873,2.5126458732171186,memory,24.373679418886198,33.41815873015873,119.53307392996109,qwen3_4b
ok,gemm,o_proj,eager,bf16,128,2560,4096,1,vllm_row_parallel_linear,gemm__o_proj_tp1_m128_eager__5272f51efaab,91.64800122380257,89.01440054178238,141.9263944029808,22.495492063492065,4.074060748043743,memory,16.249119612590796,22.495492063492065,118.38150289017341,qwen3_4b
ok,gemm,gate_up_proj,eager,bf16,128,19456,2560,1,vllm_row_parallel_linear,gemm__gate_up_proj_tp1_m128_eager__3434923ded37,152.0640030503273,149.50400590896606,160.05119532346725,104.41549206349207,1.4563356456517156,memory,77.18331815980629,104.41549206349207,121.14570361145704,qwen3_4b
ok,gemm,down_proj,eager,bf16,128,2560,9728,1,vllm_row_parallel_linear,gemm__down_proj_tp1_m128_eager__4a4911874445,87.0399996638298,85.91359928250313,89.39520046114922,52.532825396825395,1.6568688054819474,memory,38.591659079903145,52.532825396825395,120.39603960396039,qwen3_4b
ok,gemm,qkv_proj,eager,bf16,512,6144,2560,1,vllm_row_parallel_linear,gemm__qkv_proj_tp1_m512_eager__60c943c9e2c7,145.456001162529,143.25760304927826,151.49440616369247,97.49471767554479,1.4919372518888234,compute,97.49471767554479,40.04977777777778,398.961038961039,qwen3_4b
ok,gemm,o_proj,eager,bf16,512,2560,4096,1,vllm_row_parallel_linear,gemm__o_proj_tp1_m512_eager__d467f415b02a,126.97599828243256,125.95200538635254,131.37919902801514,64.99647845036318,1.9535827372463292,compute,64.99647845036318,27.56673015873016,386.41509433962267,qwen3_4b
ok,gemm,gate_up_proj,eager,bf16,512,19456,2560,1,vllm_row_parallel_linear,gemm__gate_up_proj_tp1_m512_eager__ce7c9a8b0ef4,373.24801087379456,371.71199917793274,377.13920772075653,308.73327263922516,1.2089659390549687,compute,308.73327263922516,121.18958730158731,417.51072961373393,qwen3_4b
ok,gemm,down_proj,eager,bf16,512,2560,9728,1,vllm_row_parallel_linear,gemm__down_proj_tp1_m512_eager__0b36355f41ba,211.93600445985794,210.84159761667252,214.6176040172577,154.36663631961258,1.3729391888869646,compute,154.36663631961258,61.895111111111106,408.73949579831935,qwen3_4b
ok,gemm,qkv_proj,eager,bf16,2048,6144,2560,1,vllm_row_parallel_linear,gemm__qkv_proj_tp1_m2048_eager__ff5a7737ece0,451.07200741767883,441.3439929485321,454.0415972471237,389.97887070217917,1.156657555845264,compute,389.97887070217917,66.57625396825398,960.0,qwen3_4b
ok,gemm,o_proj,eager,bf16,2048,2560,4096,1,vllm_row_parallel_linear,gemm__o_proj_tp1_m2048_eager__d5ea4bd89e5a,333.8240087032318,331.67359232902527,340.17279744148254,259.98591380145274,1.2840080595988292,compute,259.98591380145274,47.85168253968254,890.4347826086956,qwen3_4b
ok,gemm,gate_up_proj,eager,bf16,2048,19456,2560,1,vllm_row_parallel_linear,gemm__gate_up_proj_tp1_m2048_eager__37351916f635,1317.3760175704956,1315.8400058746338,1321.3696360588074,1234.9330905569007,1.066759023338193,compute,1234.9330905569007,188.28596825396824,1074.9171270718232,qwen3_4b
ok,gemm,down_proj,eager,bf16,2048,2560,9728,1,vllm_row_parallel_linear,gemm__down_proj_tp1_m2048_eager__ad36c17032aa,676.8640279769897,675.6352186203003,682.1888089179993,617.4665452784503,1.0961954670301268,compute,617.4665452784503,99.34425396825397,1018.6387434554974,qwen3_4b
ok,gemm,qkv_proj,eager,bf16,4096,6144,2560,1,vllm_row_parallel_linear,gemm__qkv_proj_tp1_m4096_eager__0ded3b2678d2,845.8240032196045,844.7967946529388,859.443187713623,779.9577414043583,1.0844485006285727,compute,779.9577414043583,101.94488888888888,1253.8775510204082,qwen3_4b
ok,gemm,o_proj,eager,bf16,4096,2560,4096,1,vllm_row_parallel_linear,gemm__o_proj_tp1_m4096_eager__ba5ef74088fa,568.8639879226685,567.296028137207,571.1295783519745,519.9718276029055,1.0940284794758173,compute,519.9718276029055,74.89828571428572,1137.7777777777778,qwen3_4b
ok,gemm,gate_up_proj,eager,bf16,4096,19456,2560,1,vllm_row_parallel_linear,gemm__gate_up_proj_tp1_m4096_eager__d2aaa9b468d0,2597.8879928588867,2594.611167907715,2603.6224365234375,2469.8661811138013,1.0518335012333961,compute,2469.8661811138013,277.74780952380956,1457.378277153558,qwen3_4b
ok,gemm,down_proj,eager,bf16,4096,2560,9728,1,vllm_row_parallel_linear,gemm__down_proj_tp1_m4096_eager__ba7c80d9d55f,1317.8880214691162,1316.5728092193604,1329.3567895889282,1234.9330905569007,1.0671736238558531,compute,1234.9330905569007,149.27644444444442,1355.8188153310105,qwen3_4b
ok,gemm,qkv_proj,eager,bf16,8192,6144,2560,1,vllm_row_parallel_linear,gemm__qkv_proj_tp1_m8192_eager__517b5ab8b17e,1618.880033493042,1491.7632341384888,1668.403148651123,1559.9154828087167,1.037799836807925,compute,1559.9154828087167,172.68215873015873,1480.4819277108434,qwen3_4b
ok,gemm,o_proj,eager,bf16,8192,2560,4096,1,vllm_row_parallel_linear,gemm__o_proj_tp1_m8192_eager__f9f780765ae3,1011.7119550704956,1009.6032381057739,1015.9103751182556,1039.943655205811,0.9728526637053927,compute,1039.943655205811,128.99149206349207,1321.2903225806451,qwen3_4b
ok,gemm,gate_up_proj,eager,bf16,8192,19456,2560,1,vllm_row_parallel_linear,gemm__gate_up_proj_tp1_m8192_eager__d6a17b970cd6,4614.144086837769,4609.945440292358,4622.646331787109,4939.732362227603,0.9340878712621167,compute,4939.732362227603,456.67149206349205,1772.756264236902,qwen3_4b
ok,gemm,down_proj,eager,bf16,8192,2560,9728,1,vllm_row_parallel_linear,gemm__down_proj_tp1_m8192_eager__05ede2cc5993,2336.7679119110107,2334.617495536804,2351.2128114700317,2469.8661811138013,0.9461111414778071,compute,2469.8661811138013,249.1408253968254,1624.7181628392484,qwen3_4b
ok,gemm,qkv_proj,cudagraph,bf16,1,6144,2560,1,vllm_row_parallel_linear,gemm__qkv_proj_tp1_m1_cudagraph__4c4b6d93cad3,18.943999893963337,18.329600617289543,23.96159954369068,31.224888888888884,0.6066955101545422,memory,0.19041937046004842,31.22488888888889,0.9994469206493802,qwen3_4b
ok,gemm,o_proj,cudagraph,bf16,1,2560,4096,1,vllm_row_parallel_linear,gemm__o_proj_tp1_m1_cudagraph__5f4609d78c43,15.359999611973763,14.479999616742134,18.111999332904816,20.81828571428571,0.7378128930872334,memory,0.1269462469733656,20.818285714285715,0.9993656370467965,qwen3_4b
ok,gemm,gate_up_proj,cudagraph,bf16,1,19456,2560,1,vllm_row_parallel_linear,gemm__gate_up_proj_tp1_m1_cudagraph__92719ff9eaca,110.59200018644333,110.48960015177727,112.94720098376274,98.86780952380953,1.1185845091451163,memory,0.6029946731234866,98.86780952380951,0.9995581722717137,qwen3_4b
ok,gemm,down_proj,cudagraph,bf16,1,2560,9728,1,vllm_row_parallel_linear,gemm__down_proj_tp1_m1_cudagraph__0bf50ba06c4d,21.503999829292297,21.401599794626236,24.16640054434538,49.43644444444444,0.43498273532713316,memory,0.3014973365617433,49.43644444444444,0.9995068222916325,qwen3_4b
ok,gemm,qkv_proj,cudagraph,bf16,4,6144,2560,1,vllm_row_parallel_linear,gemm__qkv_proj_tp1_m4_cudagraph__cc260c76e52e,17.40800030529499,17.30560027062893,19.046400673687458,31.276698412698412,0.5565804956646991,memory,0.7616774818401937,31.276698412698412,3.9911653891126413,qwen3_4b
ok,gemm,o_proj,cudagraph,bf16,4,2560,4096,1,vllm_row_parallel_linear,gemm__o_proj_tp1_m4_cudagraph__dd4a4a70073e,40.991999208927155,39.99359905719757,52.12159864604473,20.85790476190476,1.965298033376567,memory,0.5077849878934624,20.85790476190476,3.9898694720436394,qwen3_4b
ok,gemm,gate_up_proj,cudagraph,bf16,4,19456,2560,1,vllm_row_parallel_linear,gemm__gate_up_proj_tp1_m4_cudagraph__5e29becd9ab5,112.64000087976456,111.70240119099617,114.07360136508942,98.99885714285715,1.137790921335819,memory,2.4119786924939466,98.99885714285715,3.992940114107458,qwen3_4b
ok,gemm,down_proj,cudagraph,bf16,4,2560,9728,1,vllm_row_parallel_linear,gemm__down_proj_tp1_m4_cudagraph__ee1621ad7d47,43.007999658584595,41.98399931192398,44.53440010547638,49.509587301587295,0.8686802294796293,memory,1.2059893462469733,49.5095873015873,3.9921208141825346,qwen3_4b
ok,gemm,qkv_proj,cudagraph,bf16,16,6144,2560,1,vllm_row_parallel_linear,gemm__qkv_proj_tp1_m16_cudagraph__cd1defcf32d8,21.503999829292297,20.479999482631683,24.627199210226536,31.483936507936505,0.6830149661835185,memory,3.0467099273607747,31.483936507936512,15.859576664945793,qwen3_4b
ok,gemm,o_proj,cudagraph,bf16,16,2560,4096,1,vllm_row_parallel_linear,gemm__o_proj_tp1_m16_cudagraph__2d2d6565e770,24.57600086927414,24.57600086927414,28.262400068342686,21.016380952380953,1.1693735912457333,memory,2.0311399515738495,21.016380952380953,15.839133797370456,qwen3_4b
ok,gemm,gate_up_proj,cudagraph,bf16,16,19456,2560,1,vllm_row_parallel_linear,gemm__gate_up_proj_tp1_m16_cudagraph__1e8de326d5d7,114.68800157308578,114.55680131912231,115.91680198907852,99.52304761904762,1.152376301940494,memory,9.647914769975786,99.52304761904762,15.887636779356525,qwen3_4b
ok,gemm,down_proj,cudagraph,bf16,16,2560,9728,1,vllm_row_parallel_linear,gemm__down_proj_tp1_m16_cudagraph__809196c6a073,48.128001391887665,47.10400104522705,49.76640157401562,49.80215873015873,0.9663838399587839,memory,4.823957384987893,49.80215873015873,15.87467362924282,qwen3_4b
ok,gemm,qkv_proj,cudagraph,bf16,32,6144,2560,1,vllm_row_parallel_linear,gemm__qkv_proj_tp1_m32_cudagraph__7fe6ada1ed46,22.52800017595291,22.42879942059517,33.372800797224045,31.760253968253966,0.7093142327662375,memory,6.0934198547215495,31.760253968253966,31.443193449334697,qwen3_4b
ok,gemm,o_proj,cudagraph,bf16,32,2560,4096,1,vllm_row_parallel_linear,gemm__o_proj_tp1_m32_cudagraph__1d3833f1eac6,17.40800030529499,16.383999958634377,19.046400673687458,21.227682539682537,0.8200612701246535,memory,4.062279903147699,21.22768253968254,31.362940275650843,qwen3_4b
ok,gemm,gate_up_proj,cudagraph,bf16,32,19456,2560,1,vllm_row_parallel_linear,gemm__gate_up_proj_tp1_m32_cudagraph__d1e02e2f6e46,118.78400295972824,116.73600226640701,120.42240351438522,100.22196825396826,1.1852092413384132,memory,19.295829539951573,100.22196825396826,31.55368147907882,qwen3_4b
ok,gemm,down_proj,cudagraph,bf16,32,2560,9728,1,vllm_row_parallel_linear,gemm__down_proj_tp1_m32_cudagraph__967f81a54616,32.76799991726875,32.70399942994118,35.32800003886223,50.19225396825397,0.6528497392843553,memory,9.647914769975786,50.19225396825397,31.502590673575128,qwen3_4b
ok,gemm,qkv_proj,cudagraph,bf16,128,6144,2560,1,vllm_row_parallel_linear,gemm__qkv_proj_tp1_m128_cudagraph__903dc7546ea5,42.447999119758606,41.88159927725792,46.592000499367714,33.41815873015873,1.270207597687025,memory,24.373679418886198,33.41815873015873,119.53307392996109,qwen3_4b
ok,gemm,o_proj,cudagraph,bf16,128,2560,4096,1,vllm_row_parallel_linear,gemm__o_proj_tp1_m128_cudagraph__55ccc516c189,28.12799997627735,27.648000046610832,30.412800796329975,22.495492063492065,1.250383850101518,memory,16.249119612590796,22.495492063492065,118.38150289017341,qwen3_4b
ok,gemm,gate_up_proj,cudagraph,bf16,128,19456,2560,1,vllm_row_parallel_linear,gemm__gate_up_proj_tp1_m128_cudagraph__3c73c73b572a,133.12000036239624,130.44159933924675,134.4511941075325,104.41549206349207,1.2749066037197794,memory,77.18331815980629,104.41549206349207,121.14570361145704,qwen3_4b
ok,gemm,down_proj,cudagraph,bf16,128,2560,9728,1,vllm_row_parallel_linear,gemm__down_proj_tp1_m128_cudagraph__9a70fbdda77b,48.59200119972229,48.11520129442215,49.76640157401562,52.532825396825395,0.92498358564698,memory,38.591659079903145,52.532825396825395,120.39603960396039,qwen3_4b
ok,gemm,qkv_proj,cudagraph,bf16,512,6144,2560,1,vllm_row_parallel_linear,gemm__qkv_proj_tp1_m512_cudagraph__13739434b1f2,100.3200002014637,99.32799637317657,101.87839716672897,97.49471767554479,1.028978826681885,compute,97.49471767554479,40.04977777777778,398.961038961039,qwen3_4b
ok,gemm,o_proj,cudagraph,bf16,512,2560,4096,1,vllm_row_parallel_linear,gemm__o_proj_tp1_m512_cudagraph__c0fbf8e02de3,85.48799902200699,84.98239889740944,87.83039972186089,64.99647845036318,1.3152712433073257,compute,64.99647845036318,27.56673015873016,386.41509433962267,qwen3_4b
ok,gemm,gate_up_proj,cudagraph,bf16,512,19456,2560,1,vllm_row_parallel_linear,gemm__gate_up_proj_tp1_m512_cudagraph__d6c9e413a759,315.39198756217957,315.32480120658875,317.8879886865616,308.73327263922516,1.021567856506142,compute,308.73327263922516,121.18958730158731,417.51072961373393,qwen3_4b
ok,gemm,down_proj,cudagraph,bf16,512,2560,9728,1,vllm_row_parallel_linear,gemm__down_proj_tp1_m512_cudagraph__01148fd6c17c,160.76800227165222,160.63679456710815,163.53280246257782,154.36663631961258,1.0414685848228613,compute,154.36663631961258,61.895111111111106,408.73949579831935,qwen3_4b
ok,gemm,qkv_proj,cudagraph,bf16,2048,6144,2560,1,vllm_row_parallel_linear,gemm__qkv_proj_tp1_m2048_cudagraph__ee96962343e5,377.3439973592758,376.74560844898224,380.3743928670883,389.97887070217917,0.9676011335687148,compute,389.97887070217917,66.57625396825398,960.0,qwen3_4b
ok,gemm,o_proj,cudagraph,bf16,2048,2560,4096,1,vllm_row_parallel_linear,gemm__o_proj_tp1_m2048_cudagraph__9b9c586174e0,253.50399315357208,251.90401077270508,255.59040307998657,259.98591380145274,0.9750681852216394,compute,259.98591380145274,47.85168253968254,890.4347826086956,qwen3_4b
ok,gemm,gate_up_proj,cudagraph,bf16,2048,19456,2560,1,vllm_row_parallel_linear,gemm__gate_up_proj_tp1_m2048_cudagraph__62253efdfdef,1163.2640361785889,1162.0352268218994,1164.896035194397,1234.9330905569007,0.9419652328321754,compute,1234.9330905569007,188.28596825396824,1074.9171270718232,qwen3_4b
ok,gemm,down_proj,cudagraph,bf16,2048,2560,9728,1,vllm_row_parallel_linear,gemm__down_proj_tp1_m2048_cudagraph__a049585786d9,587.2319936752319,585.7567965984344,590.3360188007355,617.4665452784503,0.9510345105586507,compute,617.4665452784503,99.34425396825397,1018.6387434554974,qwen3_4b
ok,gemm,qkv_proj,cudagraph,bf16,4096,6144,2560,1,vllm_row_parallel_linear,gemm__qkv_proj_tp1_m4096_cudagraph__7b19ec961df5,738.783985376358,738.0863904953003,740.5567765235901,779.9577414043583,0.9472102732721588,compute,779.9577414043583,101.94488888888888,1253.8775510204082,qwen3_4b
ok,gemm,o_proj,cudagraph,bf16,4096,2560,4096,1,vllm_row_parallel_linear,gemm__o_proj_tp1_m4096_cudagraph__31926eb2dd53,486.4000082015991,485.3760004043579,487.9423886537552,519.9718276029055,0.9354353108781411,compute,519.9718276029055,74.89828571428572,1137.7777777777778,qwen3_4b
ok,gemm,gate_up_proj,cudagraph,bf16,4096,19456,2560,1,vllm_row_parallel_linear,gemm__gate_up_proj_tp1_m4096_cudagraph__58196cc78b52,2311.1839294433594,2310.0415468215942,2314.0223503112793,2469.8661811138013,0.9357526926422859,compute,2469.8661811138013,277.74780952380956,1457.378277153558,qwen3_4b
ok,gemm,down_proj,cudagraph,bf16,4096,2560,9728,1,vllm_row_parallel_linear,gemm__down_proj_tp1_m4096_cudagraph__45337aad02d0,1159.168004989624,1157.9520344734192,1161.728024482727,1234.9330905569007,0.9386484286908938,compute,1234.9330905569007,149.27644444444442,1355.8188153310105,qwen3_4b
ok,gemm,qkv_proj,cudagraph,bf16,8192,6144,2560,1,vllm_row_parallel_linear,gemm__qkv_proj_tp1_m8192_cudagraph__fc07ea47d1be,1467.3919677734375,1466.2655591964722,1469.1327810287476,1559.9154828087167,0.9406868410148188,compute,1559.9154828087167,172.68215873015873,1480.4819277108434,qwen3_4b
ok,gemm,o_proj,cudagraph,bf16,8192,2560,4096,1,vllm_row_parallel_linear,gemm__o_proj_tp1_m8192_cudagraph__7128426fa5e0,982.0640087127686,980.9759855270386,984.9119901657104,1039.943655205811,0.9443434784150996,compute,1039.943655205811,128.99149206349207,1321.2903225806451,qwen3_4b
ok,gemm,gate_up_proj,cudagraph,bf16,8192,19456,2560,1,vllm_row_parallel_linear,gemm__gate_up_proj_tp1_m8192_cudagraph__01635a93a62f,4580.351829528809,4577.295970916748,4585.1646900177,4939.732362227603,0.9272469627207234,compute,4939.732362227603,456.67149206349205,1772.756264236902,qwen3_4b
ok,gemm,down_proj,cudagraph,bf16,8192,2560,9728,1,vllm_row_parallel_linear,gemm__down_proj_tp1_m8192_cudagraph__38a78c145cf6,2304.5119047164917,2302.62713432312,2305.740714073181,2469.8661811138013,0.9330513217024811,compute,2469.8661811138013,249.1408253968254,1624.7181628392484,qwen3_4b
ok,gemm,lm_head,eager,bf16,1,151936,2560,1,vllm_row_parallel_linear,gemm__lm_head_tp1_m1_eager__bcc1a4be43d5,841.7279720306396,840.6624138355255,846.8480110168457,772.0449523809524,1.0902577232514608,memory,4.708912348668282,772.0449523809524,0.9996029509919153,qwen3_4b
ok,gemm,lm_head,eager,bf16,4,151936,2560,1,vllm_row_parallel_linear,gemm__lm_head_tp1_m4_eager__e11f04a95933,855.0400137901306,852.9919981956482,859.3407869338989,772.9645714285715,1.1061826704552185,memory,18.835649394673126,772.9645714285715,3.9936547739677506,qwen3_4b
ok,gemm,lm_head,eager,bf16,16,151936,2560,1,vllm_row_parallel_linear,gemm__lm_head_tp1_m16_eager__78ae10aa4b81,870.9120154380798,869.376003742218,873.4719753265381,776.6430476190476,1.1213800446782243,memory,75.3425975786925,776.6430476190476,15.89895723785755,qwen3_4b
ok,gemm,lm_head,eager,bf16,32,151936,2560,1,vllm_row_parallel_linear,gemm__lm_head_tp1_m32_eager__f5bd9d783ba9,921.0879802703857,916.4800047874451,924.262398481369,781.5476825396825,1.1785435499946202,memory,150.685195157385,781.5476825396825,31.598365343620994,qwen3_4b
ok,gemm,lm_head,eager,bf16,128,151936,2560,1,vllm_row_parallel_linear,gemm__lm_head_tp1_m128_eager__e8a2566eb91f,984.063982963562,982.0032238960266,990.6176269054413,810.9754920634921,1.2134324558435838,memory,602.74078062954,810.9754920634921,121.8070309055197,qwen3_4b
ok,gemm,lm_head,eager,bf16,512,151936,2560,1,vllm_row_parallel_linear,gemm__lm_head_tp1_m512_eager__f6680b0bd8bc,2313.215970993042,2311.958408355713,2317.411208152771,2410.96312251816,0.9594572183157141,compute,2410.96312251816,928.6867301587303,425.47185662279475,qwen3_4b
ok,gemm,lm_head,eager,bf16,2048,151936,2560,1,vllm_row_parallel_linear,gemm__lm_head_tp1_m2048_eager__ed72dbfebe61,9114.543914794922,9108.378028869629,9146.252822875977,9643.85249007264,0.9451144056980768,compute,9643.85249007264,1399.5316825396826,1129.3208213323423,qwen3_4b
ok,gemm,lm_head,eager,bf16,4096,151936,2560,1,vllm_row_parallel_linear,gemm__lm_head_tp1_m4096_eager__8762c7f2f1b6,18150.400161743164,18148.351669311523,18227.506637573242,19287.70498014528,0.9410347255117778,compute,19287.70498014528,2027.3249523809523,1559.2174972740684,qwen3_4b
ok,gemm,lm_head,eager,bf16,8192,151936,2560,1,vllm_row_parallel_linear,gemm__lm_head_tp1_m8192_eager__5137a806ac31,37068.79997253418,36999.37171936035,37190.5387878418,38575.40996029056,0.9609437724885547,compute,38575.40996029056,3282.911492063492,1925.7543470511348,qwen3_4b
ok,gemm,lm_head,cudagraph,bf16,1,151936,2560,1,vllm_row_parallel_linear,gemm__lm_head_tp1_m1_cudagraph__88cdee847570,908.2880020141602,907.263994216919,911.3600134849548,772.0449523809524,1.1764703586404395,memory,4.708912348668282,772.0449523809524,0.9996029509919153,qwen3_4b
ok,gemm,lm_head,cudagraph,bf16,4,151936,2560,1,vllm_row_parallel_linear,gemm__lm_head_tp1_m4_cudagraph__4d59d55185f0,828.4159898757935,828.4159898757935,830.0543963909149,772.9645714285715,1.0717386287766568,memory,18.835649394673126,772.9645714285715,3.9936547739677506,qwen3_4b
ok,gemm,lm_head,cudagraph,bf16,16,151936,2560,1,vllm_row_parallel_linear,gemm__lm_head_tp1_m16_cudagraph__67e820d7682d,845.8240032196045,844.7999954223633,847.3600089550018,776.6430476190476,1.089076900659376,memory,75.3425975786925,776.6430476190476,15.89895723785755,qwen3_4b
ok,gemm,lm_head,cudagraph,bf16,32,151936,2560,1,vllm_row_parallel_linear,gemm__lm_head_tp1_m32_cudagraph__6ddee735d902,894.4640159606934,891.9039964675903,898.150384426117,781.5476825396825,1.1444778558540192,memory,150.685195157385,781.5476825396825,31.598365343620994,qwen3_4b
ok,gemm,lm_head,cudagraph,bf16,128,151936,2560,1,vllm_row_parallel_linear,gemm__lm_head_tp1_m128_cudagraph__03afd4deced1,956.928014755249,954.1567981243134,958.6816251277924,810.9754920634921,1.1799715578585328,memory,602.74078062954,810.9754920634921,121.8070309055197,qwen3_4b
ok,gemm,lm_head,cudagraph,bf16,512,151936,2560,1,vllm_row_parallel_linear,gemm__lm_head_tp1_m512_cudagraph__94ba7729500f,2289.6480560302734,2288.537621498108,2293.657636642456,2410.96312251816,0.9496819070541495,compute,2410.96312251816,928.6867301587303,425.47185662279475,qwen3_4b
ok,gemm,lm_head,cudagraph,bf16,2048,151936,2560,1,vllm_row_parallel_linear,gemm__lm_head_tp1_m2048_cudagraph__838e13cdfe07,9049.535751342773,8938.495635986328,9114.726448059082,9643.85249007264,0.9383735141799757,compute,9643.85249007264,1399.5316825396826,1129.3208213323423,qwen3_4b
ok,gemm,lm_head,cudagraph,bf16,4096,151936,2560,1,vllm_row_parallel_linear,gemm__lm_head_tp1_m4096_cudagraph__63e2666fdabe,18151.935577392578,18095.001792907715,18211.635971069336,19287.70498014528,0.9411143314395434,compute,19287.70498014528,2027.3249523809523,1559.2174972740684,qwen3_4b
ok,gemm,lm_head,cudagraph,bf16,8192,151936,2560,1,vllm_row_parallel_linear,gemm__lm_head_tp1_m8192_cudagraph__afed12107982,37072.89505004883,36838.399505615234,37092.045974731445,38575.40996029056,0.961049930207134,compute,38575.40996029056,3282.911492063492,1925.7543470511348,qwen3_4b
ok,gemm,qkv_proj,eager,bf16,1,5120,2048,1,vllm_row_parallel_linear,gemm__qkv_proj_tp1_m1_eager__141920d18010,54.22399938106537,53.247999399900436,77.8240017592907,20.819301587301588,2.604506167206803,memory,0.1269462469733656,20.819301587301588,0.9993168732311896,qwen3_30b_a3b
ok,gemm,o_proj,eager,bf16,1,2048,4096,1,vllm_row_parallel_linear,gemm__o_proj_tp1_m1_eager__4a820e06051a,44.51199993491173,43.939200043678284,47.71840088069439,16.65625396825397,2.6723896033135355,memory,0.10155699757869249,16.656253968253967,0.9992681141741888,qwen3_30b_a3b
ok,gemm,qkv_proj,eager,bf16,4,5120,2048,1,vllm_row_parallel_linear,gemm__qkv_proj_tp1_m4_eager__8d6b982e098f,61.375999823212624,59.39200147986412,76.39040276408195,20.861968253968254,2.942004276683625,memory,0.5077849878934624,20.861968253968254,3.9890923256719906,qwen3_30b_a3b
ok,gemm,o_proj,eager,bf16,4,2048,4096,1,vllm_row_parallel_linear,gemm__o_proj_tp1_m4_eager__da5ea6083dd3,127.45600193738937,123.74399676918983,139.23520147800446,16.6928253968254,7.635376211484765,memory,0.40622799031476997,16.6928253968254,3.988315481986368,qwen3_30b_a3b
ok,gemm,qkv_proj,eager,bf16,16,5120,2048,1,vllm_row_parallel_linear,gemm__qkv_proj_tp1_m16_eager__15e50541bf22,62.49599903821945,61.16480119526386,63.897599279880524,21.032634920634923,2.971382295848496,memory,2.0311399515738495,21.032634920634923,15.826893353941268,qwen3_30b_a3b
ok,gemm,o_proj,eager,bf16,16,2048,4096,1,vllm_row_parallel_linear,gemm__o_proj_tp1_m16_eager__d3af09dc49bd,58.36800113320351,57.25120082497597,62.97599896788597,16.839111111111112,3.466216283512138,memory,1.6249119612590799,16.839111111111112,15.814671814671815,qwen3_30b_a3b
ok,gemm,qkv_proj,eager,bf16,32,5120,2048,1,vllm_row_parallel_linear,gemm__qkv_proj_tp1_m32_eager__177d1dd73d91,63.48799914121628,59.404801577329636,70.76160162687302,21.260190476190477,2.986238491716111,memory,4.062279903147699,21.260190476190477,31.31498470948012,qwen3_30b_a3b
ok,gemm,o_proj,eager,bf16,32,2048,4096,1,vllm_row_parallel_linear,gemm__o_proj_tp1_m32_eager__529968cc6ea7,59.39200147986412,58.36800113320351,65.84319993853569,17.03415873015873,3.486641308250313,memory,3.2498239225181598,17.03415873015873,31.267175572519083,qwen3_30b_a3b
ok,gemm,qkv_proj,eager,bf16,128,5120,2048,1,vllm_row_parallel_linear,gemm__qkv_proj_tp1_m128_eager__568c29d44e1b,59.39200147986412,59.26080122590065,59.58400145173073,22.62552380952381,2.625000065406845,memory,16.249119612590796,22.62552380952381,117.70114942528735,qwen3_30b_a3b
ok,gemm,o_proj,eager,bf16,128,2048,4096,1,vllm_row_parallel_linear,gemm__o_proj_tp1_m128_eager__106d01824fd7,63.48799914121628,61.23519875109196,67.17440038919449,18.204444444444444,3.487499952825601,memory,12.999295690072639,18.204444444444444,117.02857142857142,qwen3_30b_a3b
ok,gemm,qkv_proj,eager,bf16,512,5120,2048,1,vllm_row_parallel_linear,gemm__qkv_proj_tp1_m512_eager__b229ba1eb60c,116.73600226640701,115.60960188508034,118.06720271706581,64.99647845036318,1.796035801471252,compute,64.99647845036318,28.086857142857145,379.25925925925924,qwen3_30b_a3b
ok,gemm,o_proj,eager,bf16,512,2048,4096,1,vllm_row_parallel_linear,gemm__o_proj_tp1_m512_eager__df1c91749901,130.048006772995,126.87359899282455,145.7152023911476,51.997182760290556,2.5010587087481717,compute,51.997182760290556,22.8855873015873,372.3636363636364,qwen3_30b_a3b
ok,gemm,qkv_proj,eager,bf16,2048,5120,2048,1,vllm_row_parallel_linear,gemm__qkv_proj_tp1_m2048_eager__fd687a10fa74,312.3199939727783,311.2959861755371,317.5424039363861,259.98591380145274,1.2012958294782552,compute,259.98591380145274,49.93219047619047,853.3333333333334,qwen3_30b_a3b
ok,gemm,o_proj,eager,bf16,2048,2048,4096,1,vllm_row_parallel_linear,gemm__o_proj_tp1_m2048_eager__2e4f9e607e7a,314.33600187301636,264.90879356861115,321.53600454330444,207.98873104116223,1.5113126576593583,compute,207.98873104116223,41.61015873015873,819.2,qwen3_30b_a3b
ok,gemm,qkv_proj,eager,bf16,4096,5120,2048,1,vllm_row_parallel_linear,gemm__qkv_proj_tp1_m4096_eager__c84bc9149da8,591.871976852417,587.6736044883728,593.5007870197296,519.9718276029055,1.1382770093160135,compute,519.9718276029055,79.05930158730159,1077.8947368421052,qwen3_30b_a3b
ok,gemm,o_proj,eager,bf16,4096,2048,4096,1,vllm_row_parallel_linear,gemm__o_proj_tp1_m4096_eager__af5aef2891dd,473.58399629592896,472.06398844718933,477.38879919052124,415.97746208232445,1.1384847484890992,compute,415.97746208232445,66.57625396825398,1024.0,qwen3_30b_a3b
ok,gemm,qkv_proj,eager,bf16,8192,5120,2048,1,vllm_row_parallel_linear,gemm__qkv_proj_tp1_m8192_eager__084061bd5b6f,1132.5440406799316,1125.9935975074768,1137.2543573379517,1039.943655205811,1.0890436563659736,compute,1039.943655205811,137.3135238095238,1241.2121212121212,qwen3_30b_a3b
ok,gemm,o_proj,eager,bf16,8192,2048,4096,1,vllm_row_parallel_linear,gemm__o_proj_tp1_m8192_eager__4c51d5de2838,907.263994216919,903.5775721073151,911.5072071552277,831.9549241646489,1.0905206133948742,compute,831.9549241646489,116.50844444444444,1170.2857142857142,qwen3_30b_a3b
ok,gemm,qkv_proj,cudagraph,bf16,1,5120,2048,1,vllm_row_parallel_linear,gemm__qkv_proj_tp1_m1_cudagraph__edeea8ec79b2,29.69600073993206,28.45439948141575,31.74399919807911,20.819301587301588,1.426368728816757,memory,0.1269462469733656,20.819301587301588,0.9993168732311896,qwen3_30b_a3b
ok,gemm,o_proj,cudagraph,bf16,1,2048,4096,1,vllm_row_parallel_linear,gemm__o_proj_tp1_m1_cudagraph__b44b640d1c6d,21.503999829292297,21.401599794626236,24.47040043771267,16.65625396825397,1.2910465864820446,memory,0.10155699757869249,16.656253968253967,0.9992681141741888,qwen3_30b_a3b
ok,gemm,qkv_proj,cudagraph,bf16,4,5120,2048,1,vllm_row_parallel_linear,gemm__qkv_proj_tp1_m4_cudagraph__b46bd431fdd5,21.503999829292297,19.353599287569523,26.111999340355396,20.861968253968254,1.0307752158141608,memory,0.5077849878934624,20.861968253968254,3.9890923256719906,qwen3_30b_a3b
ok,gemm,o_proj,cudagraph,bf16,4,2048,4096,1,vllm_row_parallel_linear,gemm__o_proj_tp1_m4_cudagraph__8cb146b4694c,30.7200001552701,26.524799689650536,36.86400093138218,16.6928253968254,1.840311596448637,memory,0.40622799031476997,16.6928253968254,3.988315481986368,qwen3_30b_a3b
ok,gemm,qkv_proj,cudagraph,bf16,16,5120,2048,1,vllm_row_parallel_linear,gemm__qkv_proj_tp1_m16_cudagraph__273973aac6a3,28.672000393271446,24.57600086927414,32.82559998333454,21.032634920634923,1.3632148564106732,memory,2.0311399515738495,21.032634920634923,15.826893353941268,qwen3_30b_a3b
ok,gemm,o_proj,cudagraph,bf16,16,2048,4096,1,vllm_row_parallel_linear,gemm__o_proj_tp1_m16_cudagraph__b348c32080d7,28.672000393271446,26.623999699950218,35.32800041139126,16.839111111111112,1.7027027260573466,memory,1.6249119612590799,16.839111111111112,15.814671814671815,qwen3_30b_a3b
ok,gemm,qkv_proj,cudagraph,bf16,32,5120,2048,1,vllm_row_parallel_linear,gemm__qkv_proj_tp1_m32_cudagraph__8d9e26971c67,24.064000695943832,22.518400102853775,26.97599921375513,21.260190476190477,1.131880766679554,memory,4.062279903147699,21.260190476190477,31.31498470948012,qwen3_30b_a3b
ok,gemm,o_proj,cudagraph,bf16,32,2048,4096,1,vllm_row_parallel_linear,gemm__o_proj_tp1_m32_cudagraph__4c13e11a1d85,23.04000034928322,18.432000651955605,26.20479930192232,17.03415873015873,1.352576356382733,memory,3.2498239225181598,17.03415873015873,31.267175572519083,qwen3_30b_a3b
ok,gemm,qkv_proj,cudagraph,bf16,128,5120,2048,1,vllm_row_parallel_linear,gemm__qkv_proj_tp1_m128_cudagraph__d69b036e7268,33.79200026392937,33.78880023956299,36.556800827383995,22.62552380952381,1.493534494423737,memory,16.249119612590796,22.62552380952381,117.70114942528735,qwen3_30b_a3b
ok,gemm,o_proj,cudagraph,bf16,128,2048,4096,1,vllm_row_parallel_linear,gemm__o_proj_tp1_m128_cudagraph__a982aa1234c5,25.599999353289604,25.599999353289604,28.166399337351322,18.204444444444444,1.406249964475137,memory,12.999295690072639,18.204444444444444,117.02857142857142,qwen3_30b_a3b
ok,gemm,qkv_proj,cudagraph,bf16,512,5120,2048,1,vllm_row_parallel_linear,gemm__qkv_proj_tp1_m512_cudagraph__770a95ec79f8,85.4399986565113,84.02559906244278,88.78080025315285,64.99647845036318,1.3145327361352435,compute,64.99647845036318,28.086857142857145,379.25925925925924,qwen3_30b_a3b
ok,gemm,o_proj,cudagraph,bf16,512,2048,4096,1,vllm_row_parallel_linear,gemm__o_proj_tp1_m512_cudagraph__0d7fb53c9969,64.44799900054932,63.38559910655022,67.07200035452843,51.997182760290556,1.2394517467928523,compute,51.997182760290556,22.8855873015873,372.3636363636364,qwen3_30b_a3b
ok,gemm,qkv_proj,cudagraph,bf16,2048,5120,2048,1,vllm_row_parallel_linear,gemm__qkv_proj_tp1_m2048_cudagraph__d7e7ca4c1a7a,277.52000093460083,276.37759149074554,279.1424036026001,259.98591380145274,1.0674424505419113,compute,259.98591380145274,49.93219047619047,853.3333333333334,qwen3_30b_a3b
ok,gemm,o_proj,cudagraph,bf16,2048,2048,4096,1,vllm_row_parallel_linear,gemm__o_proj_tp1_m2048_cudagraph__a0a927b9371d,222.20799326896667,221.18400037288666,225.58720111846924,207.98873104116223,1.0683655415205662,compute,207.98873104116223,41.61015873015873,819.2,qwen3_30b_a3b
ok,gemm,qkv_proj,cudagraph,bf16,4096,5120,2048,1,vllm_row_parallel_linear,gemm__qkv_proj_tp1_m4096_cudagraph__72b35db7c6d7,553.4719824790955,552.8287708759308,563.7855887413025,519.9718276029055,1.0644268652604263,compute,519.9718276029055,79.05930158730159,1077.8947368421052,qwen3_30b_a3b
ok,gemm,o_proj,cudagraph,bf16,4096,2048,4096,1,vllm_row_parallel_linear,gemm__o_proj_tp1_m4096_cudagraph__3d247c6fb73b,436.73600256443024,436.03519201278687,442.8800016641617,415.97746208232445,1.0499030413287092,compute,415.97746208232445,66.57625396825398,1024.0,qwen3_30b_a3b
ok,gemm,qkv_proj,cudagraph,bf16,8192,5120,2048,1,vllm_row_parallel_linear,gemm__qkv_proj_tp1_m8192_cudagraph__6c07f9888773,1088.5119438171387,1087.488055229187,1091.9487833976746,1039.943655205811,1.04670280776098,compute,1039.943655205811,137.3135238095238,1241.2121212121212,qwen3_30b_a3b
ok,gemm,o_proj,cudagraph,bf16,8192,2048,4096,1,vllm_row_parallel_linear,gemm__o_proj_tp1_m8192_cudagraph__69a703d2f769,866.815984249115,866.0991847515106,869.2735970020294,831.9549241646489,1.0419025827865247,compute,831.9549241646489,116.50844444444444,1170.2857142857142,qwen3_30b_a3b
ok,gemm,lm_head,eager,bf16,1,151936,2048,1,vllm_row_parallel_linear,gemm__lm_head_tp1_m1_eager__8e228e677027,683.5200190544128,680.9599995613098,686.3871812820435,617.6962539682539,1.1065633224473819,memory,3.767129878934625,617.6962539682539,0.9995053817996126,qwen3_30b_a3b
ok,gemm,lm_head,eager,bf16,4,151936,2048,1,vllm_row_parallel_linear,gemm__lm_head_tp1_m4_eager__0e40142087f8,693.7599778175354,691.2000179290771,701.4399766921997,618.6128253968253,1.1214768742832077,memory,15.0685195157385,618.6128253968253,3.9920978344585,qwen3_30b_a3b
ok,gemm,lm_head,eager,bf16,16,151936,2048,1,vllm_row_parallel_linear,gemm__lm_head_tp1_m16_eager__e3a039d90a1c,710.6559872627258,709.3247830867767,711.8847966194153,622.2791111111111,1.1420212804408834,memory,60.274078062954,622.2791111111111,15.874310267142922,qwen3_30b_a3b
ok,gemm,lm_head,eager,bf16,32,151936,2048,1,vllm_row_parallel_linear,gemm__lm_head_tp1_m32_eager__9d298a85b56d,742.9119944572449,741.2735819816589,747.6447820663452,627.1674920634921,1.184551182672005,memory,120.548156125908,627.1674920634921,31.501159762086793,qwen3_30b_a3b
ok,gemm,lm_head,eager,bf16,128,151936,2048,1,vllm_row_parallel_linear,gemm__lm_head_tp1_m128_eager__0102774de04a,800.7999956607819,798.310399055481,806.3552141189575,656.4977777777777,1.2198061025757956,memory,482.192624503632,656.4977777777777,120.37514236197079,qwen3_30b_a3b
ok,gemm,lm_head,eager,bf16,512,151936,2048,1,vllm_row_parallel_linear,gemm__lm_head_tp1_m512_eager__8e861df7cc50,2049.0241050720215,2046.976089477539,2053.631901741028,1928.770498014528,1.0623472866166723,compute,1928.770498014528,773.8189206349207,408.4987397076122,qwen3_30b_a3b
ok,gemm,lm_head,eager,bf16,2048,151936,2048,1,vllm_row_parallel_linear,gemm__lm_head_tp1_m2048_eager__f3786d1c2c0b,7817.728042602539,7249.100732803345,7912.038564682007,7715.081992058112,1.0133045961987301,compute,7715.081992058112,1243.103492063492,1017.144769874477,qwen3_30b_a3b
ok,gemm,lm_head,eager,bf16,4096,151936,2048,1,vllm_row_parallel_linear,gemm__lm_head_tp1_m4096_eager__429cfe0955db,14597.631931304932,14516.121482849121,14651.295948028564,15430.163984116223,0.946045158452736,compute,15430.163984116223,1868.816253968254,1353.1733927080434,qwen3_30b_a3b
ok,gemm,lm_head,eager,bf16,8192,151936,2048,1,vllm_row_parallel_linear,gemm__lm_head_tp1_m8192_eager__d8440abcaf07,29146.62456512451,29144.883346557617,29151.6414642334,30860.327968232446,0.944469047611159,compute,30860.327968232446,3120.2417777777778,1620.9208201366894,qwen3_30b_a3b
ok,gemm,lm_head,cudagraph,bf16,1,151936,2048,1,vllm_row_parallel_linear,gemm__lm_head_tp1_m1_cudagraph__b89cc97ae962,728.5760045051575,727.9615998268127,732.2592198848724,617.6962539682539,1.1795052986392276,memory,3.767129878934625,617.6962539682539,0.9995053817996126,qwen3_30b_a3b
ok,gemm,lm_head,cudagraph,bf16,4,151936,2048,1,vllm_row_parallel_linear,gemm__lm_head_tp1_m4_cudagraph__34039188260d,666.1120057106018,664.57599401474,671.2319850921631,618.6128253968253,1.0767833746144964,memory,15.0685195157385,618.6128253968253,3.9920978344585,qwen3_30b_a3b
ok,gemm,lm_head,cudagraph,bf16,16,151936,2048,1,vllm_row_parallel_linear,gemm__lm_head_tp1_m16_cudagraph__971871aff369,735.727995634079,733.1839799880981,737.8944098949432,622.2791111111111,1.1823118958957164,memory,60.274078062954,622.2791111111111,15.874310267142922,qwen3_30b_a3b
ok,gemm,lm_head,cudagraph,bf16,32,151936,2048,1,vllm_row_parallel_linear,gemm__lm_head_tp1_m32_cudagraph__2dcb84e3e430,709.6319794654846,708.6943924427032,712.5280022621155,627.1674920634921,1.1314871839588971,memory,120.548156125908,627.1674920634921,31.501159762086793,qwen3_30b_a3b
ok,gemm,lm_head,cudagraph,bf16,128,151936,2048,1,vllm_row_parallel_linear,gemm__lm_head_tp1_m128_cudagraph__83ee3a9aee71,769.0240144729614,767.961597442627,771.4687705039978,656.4977777777777,1.1714038348706695,memory,482.192624503632,656.4977777777777,120.37514236197079,qwen3_30b_a3b
ok,gemm,lm_head,cudagraph,bf16,512,151936,2048,1,vllm_row_parallel_linear,gemm__lm_head_tp1_m512_cudagraph__78c5e878073c,1828.287959098816,1826.8159627914429,1830.7999849319458,1928.770498014528,0.9479033202658644,compute,1928.770498014528,773.8189206349207,408.4987397076122,qwen3_30b_a3b
ok,gemm,lm_head,cudagraph,bf16,2048,151936,2048,1,vllm_row_parallel_linear,gemm__lm_head_tp1_m2048_cudagraph__79785a38d2e6,7133.69607925415,7130.841779708862,7247.155284881592,7715.081992058112,0.9246429378971683,compute,7715.081992058112,1243.103492063492,1017.144769874477,qwen3_30b_a3b
ok,gemm,lm_head,cudagraph,bf16,4096,151936,2048,1,vllm_row_parallel_linear,gemm__lm_head_tp1_m4096_cudagraph__8a36d5e09fbf,14536.128044128418,14236.671733856201,14638.592052459717,15430.163984116223,0.9420592068296796,compute,15430.163984116223,1868.816253968254,1353.1733927080434,qwen3_30b_a3b
ok,gemm,lm_head,cudagraph,bf16,8192,151936,2048,1,vllm_row_parallel_linear,gemm__lm_head_tp1_m8192_cudagraph__a41aeaf4eee6,29035.00747680664,28866.35513305664,29065.51685333252,30860.327968232446,0.9408522004916867,compute,30860.327968232446,3120.2417777777778,1620.9208201366894,qwen3_30b_a3b
